Job ID,Demand Received Date,Internal POC Email,Requirement From,Client JD-ID,Client Lead POC Email,Client POC Emails,Job Title,Job Status,Closed Date,Type of Demand,Priority,Number of Positions,Experience Level,Employment Type,Budget Currency,Yearly Budget,Monthly Budget,Work Mode,Location,Overall Experience,Notice Period,Mandatory Skills,Skills
REQ-2026-04-08-001,2026-04-08,Praveen.Kumar_ext@Ltts.com,LTTS,CLIENT-2026-04-08-001,Trayeetanu.Ganguly@Ltts.com,Trayeetanu.Ganguly@Ltts.com,RE: TPC Requirement – Cluster Testing,Open,N/A,Single,Medium,1,Mid,Not Provided,INR,Not Provided,25,Not Provided,Not Provided,3-6 years,Not Provided,Not Provided,Bill Rate per month for TPC (in terms of INR) – 130000 Month
REQ-2026-04-08-002,2026-04-08,Praveen.Kumar_ext@Ltts.com,LTTS,CLIENT-2026-04-08-002,Trayeetanu.Ganguly@Ltts.com,Trayeetanu.Ganguly@Ltts.com,TPC Requirement – Cluster Testing,Open,N/A,Single,Medium,1,Mid,Not Provided,INR,Not Provided,130000,Not Provided,Not Provided,3-6 years,Not Provided,Not Provided,Bill Rate per month for TPC (in terms of INR) – 130000 Month
REQ-2026-04-08-003,2026-04-08,Vinayakumarp.Patil_ext@Ltts.com;Kiran.N_ext@Ltts.com,LTTS,CLIENT-2026-04-08-003,Trayeetanu.Ganguly@Ltts.com,Trayeetanu.Ganguly@Ltts.com,TPC-One Tech Demand multiple demand- Bangalore,Open,N/A,Single,Medium,1,Not Provided,Full Time,INR,Not Provided,Not Provided,Not Provided,Bangalore,Not Provided,Not Provided,Not Provided,Not Provided
REQ-2026-04-08-004,2026-04-08,harini.s@metaforgeit.com,KPMG,CLIENT-2026-04-08-004,sauravmajumder@kpmg.com,sauravmajumder@kpmg.com; kavithaakula@kpmg.com; smitinabh@kpmg.com; rkarnam@metaforgeit.com; offshorejobs@metaforgeit.com; viswanadh.r@metaforgeit.com,RE: Requirement - Banking Client - BA & PMO roles,Open,N/A,Single,Medium,1,Not Provided,Not Provided,Not Provided,Not Provided,01,Not Provided,Not Provided,Not Provided,Not Provided,Not Provided,Not Provided
REQ-2026-04-08-005,2026-04-08,sauravmajumder@kpmg.com,Metaforge,CLIENT-2026-04-08-005,harini.s@metaforgeit.com,harini.s@metaforgeit.com,Re: Requirement - Banking Client - BA & PMO roles,Open,N/A,Single,Medium,1,Not Provided,Not Provided,Not Provided,Not Provided,Not Provided,Not Provided,Not Provided,Not Provided,Not Provided,Not Provided,Not Provided
REQ-2026-04-08-006,2026-04-08,offshorejobs@metaforgeit.com,KPMG,CLIENT-2026-04-08-006,rparimi@Kpmg.Com,rparimi@Kpmg.Com,Fw: L1 Discussion - Sameer Anand Satpute,Open,N/A,Single,Medium,1,Not Provided,Not Provided,Not Provided,Not Provided,Not Provided,Not Provided,Not Provided,Not Provided,Not Provided,Not Provided,Not Provided
REQ-2026-04-08-007,2026-04-08,Preetha.M@itcinfotech.com;prakash.r@itcinfotech.com;Manikandan.G@itcinfotech.com,Metaforge,CLIENT-2026-04-08-007,rahima.s@metaforgeit.com,rahima.s@metaforgeit.com,RE: Super critical update required Profile for Salesforce Admin-PCIIL_0000244900_1/Immediate Joiner URGENT Salesforce Requirements from ITC Infotech,Open,N/A,Single,High,1,Senior,Not Provided,INR,31 LPA,Not Provided,Not Provided,Not Provided,16.0 years,CCTC,Not Provided,Not Provided
REQ-2026-04-08-008,2026-04-08,sunil.parte@mindsclik.com;kavitha.m@eslabs.net;tnm.payroll@tnmhr.com;hari@necronindia.com;heera@hnssolutions.org;dathree.javvadi@vncservices.in;bharanidharan@dmaicacademy.com;vishakha@trustklub.com;srinivas@volensoftware.com;sfjbs.itc@sfjbs.com;hrops@intelliest.in;venu@mytechglobal.in;giridhar@ivispl.com;karthik@hiyamee.com;haris@mindtelglobal.com;anil.k@stratosphere.co.in;accounts@ixceed-solutions.co.uk;uma@gshrconsulting.com;karthik@srassindia.com;career@shenzyn.com;mihir.biswas@econsulting.in;abhishek@heronstrategic.com;exe.hr@kanbaninfosystem.com;stephen.g@livecjobs.com;GurmeetSingh@hirehubitsolutions.com;mamtha.k@triadsquare.com;ameena.razak@talentspectrum.in;sourcing@nishtechnologies.com;madhur@rapscorp.com;hr@talentncs.com;akansha.saini@apptadinc.com;Swarupa.t@people-prime.com;radhika.b@sureminds.co.in;bharathkumar@krgtech.com;itc@krgtech.com;Rithika.S@krgtech.com;Ananda@spartechnologyservices.com;swati.kv@ikrux.com;itc.account@mroads.com;itcaccount@seintiv.com;pranita.kumari@hirexa.com;Prashanth.Selvaraj@itcinfotech.com;madhur@grouphrservices.in;Chethan.s@techouts.com;sumeet.dewan@lecansolutions.com;ram@ibridgetechsoft.com;Abhishek.tiwari@kapstag.com;surender.r@jaastechnologies.com;smjuturu@surensinffotek.com;lakshmi.kona@rightworkz.com;itc_account@happytechnovation.com;shiva@spstaffing.in;recruitment@innovationconsulting.net;sapan.shrivastava@maxotechsolutions.com;anshika@intellisofttech.com;Vibhanshu@4bell.com;harish@nippondata.com;vm@tyagroup.co.in;Tripti.Pambri@fifthgentechs.com;Chetan@agile-tech.in;mayurie@themerakisventures.com;jameel.m@arrayantech.com;venki@denovosoftsol.com;requisitions@zenfinet.com;lokesh@panoramasoftware.in;ram@guardiansinfotech.com;bhavik@digitrixsoft.com;shilpi@srssolutions.co.in;devanshi.gupte@bestowalsystems.com;a.thota@ajacs.in;reena.verma@orcapod.work;reena.goel@net2source.com;sales@asianglobalinfotech.com;Itcinfotech@vnsoft.in;nsp.karthik@keirinsofttech.com;subhasree.N@proitcon.in;gowthami.sp@berenikebion.com;viswa.m@gladinfosystems.com;ITCinfotech@varite.com;subcon@optivaluetek.com;seema@mergenit.com;Operations@kt-consultings.com;itc@mechispike.com;pooja@elementtechnologies.com;helpdesk@esquareinfo.com;swarupa.mukherjee@nexucon.com;amogh@twinpacs.com;ITCInfotech_Req@ziniosedge.com;surendra.shetty@mercsoftin.com;sathishkumar.k@lagaramsolutions.com;madduri@volkslab.com;ranjit@asian-technology.com;sidharth.zutshi@emulus.co;prasun.talukdar@tuteck.com;sreenivas@exafluence.com;hrdesk@exafluence.com;info@aimitra.com;itcinfotech@asuuki.com;simar@happiehire.com;careers@flipcarbon.in;offshorejobs@metaforgeit.com;ankita.s@ditechhro.com;poonam.m@thoughtquad.com;perydot.recruitment@perydot.com;hyma.my@ridik.net;freeda.mary@randstad.in;Divya.bhardwaj@altezzasys.com;abhishek@glsgloballanguage.com;info@techforcesystems.com;info@eminentmultiservices.com;sukhish.puri@nlbtech.com;sales@cltechglobal.com;ankita@cltechglobal.com;sreekanthk@fixitytech.com;shyamala.j@embarkgcc.com;meghasetty@acknowledgerfirst.com;Recruitment@redwavesol.com;sautisen@bit2b.co.in;mahesh.r@daplitservices.com;trupthi.bt@xpheno.com;golda.d@saaconsulting.co.in;Nidhi.s@palni.com;monicajettipalle@michaelpage.co.in;sanchali@ermrecruits.com;Sourabh.som@spc-services.net;sibaji.ganguly@gforces.in;global.delivery@ornnova.com;Rakesh.rathore@adecco.com;talent@inkitsolutions.com;dr.prakash@muoro.com;viros@xzeds.com;Sanisetty.DivyaBhavani@itcinfotech.com;Thirumal.Govindan@itcinfotech.com,ITC,CLIENT-2026-04-08-008,Rajeshwari.Negi@itcinfotech.com,Rajeshwari.Negi@itcinfotech.com,Urgent Sourcing : BSH : Walkin Drive : Hyderabad,Open,N/A,Single,High,1,Not Provided,Not Provided,Not Provided,Not Provided,Not Provided,Not Provided,Not Provided,Not Provided,Not Provided,Not Provided,Not Provided
REQ-2026-04-08-009,2026-04-08,Laila.Rodrigues@itcinfotech.com;Preetha.M@itcinfotech.com,Metaforge,CLIENT-2026-04-08-009,rahima.s@metaforgeit.com,rahima.s@metaforgeit.com,RE: 3PT Open demands,Open,N/A,Single,Medium,1,Not Provided,Not Provided,Not Provided,Not Provided,Not Provided,Not Provided,Not Provided,Not Provided,Not Provided,Not Provided,Not Provided
REQ-2026-04-08-010,2026-04-08,molishamehra@kpmg.com,Metaforge,CLIENT-2026-04-08-010,pavani.J@metaforgeit.com,pavani.J@metaforgeit.com,"Re: Sub-con | Power BI, Azure Data Engineers, Snowflake, AI Engineer",Open,N/A,Single,Medium,1,Mid,Contract,Not Provided,Not Provided,Not Provided,Not Provided,Not Provided,5.8 years,Vendor,Not Provided,Not Provided
REQ-2026-04-08-011,2026-04-08,rahima.s@metaforgeit.com;Preetha.M@itcinfotech.com,ITC,CLIENT-2026-04-08-011,Laila.Rodrigues@itcinfotech.com,Laila.Rodrigues@itcinfotech.com; offshorejobs@metaforgeit.com,RE: 3PT Open demands,Open,N/A,Single,High,1,Not Provided,Full Time,Not Provided,Not Provided,Not Provided,Not Provided,Not Provided,Not Provided,Not Provided,Not Provided,Not Provided
REQ-2026-04-08-012,2026-04-08,offshorejobs@metaforgeit.com;jeet@metaforgeit.com;harish.g@metaforgeit.com;raj.mj@metaforgeit.com,Metaforge,CLIENT-2026-04-08-012,rkarnam@metaforgeit.com,rkarnam@metaforgeit.com,Domestic Recruitment - Application,Open,N/A,Single,Medium,1,Not Provided,Not Provided,Not Provided,Not Provided,Not Provided,Not Provided,Not Provided,Not Provided,Not Provided,Not Provided,Not Provided
REQ-2026-04-08-013,2026-04-08,offshorejobs@metaforgeit.com,Read AI,CLIENT-2026-04-08-013,executiveassistant@e.read.ai,executiveassistant@e.read.ai,"🗓 Urgent Sourcing : BSH : Walkin Drive : Hyderabad on April 8, 2026 | Read Meeting Report",Open,N/A,Single,High,1,Not Provided,Not Provided,Not Provided,Not Provided,Not Provided,Not Provided,Not Provided,Not Provided,Not Provided,Not Provided,Not Provided
REQ-2026-04-08-014,2026-04-08,Kiran.N_ext@Ltts.com,Metaforge,CLIENT-2026-04-08-014,charlie@metaforgeit.com,charlie@metaforgeit.com,Re: TPC-Mobility-EE Lab Technician- Bangalore,Open,N/A,Single,High,1,Senior,Full Time,Not Provided,Not Provided,Not Provided,Not Provided,Not Provided,34.0 years,Not Provided,Not Provided,Not Provided
REQ-2026-04-08-015,2026-04-08,offshorejobs@metaforgeit.com,otter.ai,CLIENT-2026-04-08-015,no-reply@otter.ai,no-reply@otter.ai,Prakash Prabhakar shared Urgent Sourcing : BSH : Walkin Drive : Hyderabad in Otter,Open,N/A,Single,High,1,Not Provided,Not Provided,Not Provided,Not Provided,Not Provided,Not Provided,Not Provided,Not Provided,Not Provided,Not Provided,Not Provided
REQ-2026-04-08-016,2026-04-08,Arctic.Naha@itcinfotech.com,Metaforge,CLIENT-2026-04-08-016,charlie@metaforgeit.com,charlie@metaforgeit.com,SAP Program Manager,Open,N/A,Single,Medium,1,Senior,Not Provided,INR,37.0 LPA,Not Provided,Not Provided,Gurugram,13.5 years,90 Days,Not Provided,SAP Program Manager
REQ-2026-04-08-017,2026-04-08,offshorejobs@metaforgeit.com,KPMG,CLIENT-2026-04-08-017,rparimi@Kpmg.Com,rparimi@Kpmg.Com,Fw: L1 Discussion -,Open,N/A,Single,Medium,1,Not Provided,Not Provided,Not Provided,Not Provided,Not Provided,Not Provided,Not Provided,Not Provided,Not Provided,Not Provided,Not Provided
REQ-2026-04-08-018,2026-04-08,charlie@metaforgeit.com;saikiran.a@metaforgeit.com,LTTS,CLIENT-2026-04-08-018,Deepashree.Bc_ext@Ltts.com,Deepashree.Bc_ext@Ltts.com; Kiran.N_ext@Ltts.com; offshorejobs@metaforgeit.com; Praveen.Kumar_ext@Ltts.com,"RE: TPC - Kotlin, Java, Android SDK",Open,N/A,Single,Medium,1,Not Provided,Not Provided,Not Provided,Not Provided,49,Not Provided,Not Provided,Not Provided,Not Provided,Not Provided,Not Provided
REQ-2026-04-07-001,2026-04-07,offshorejobs@metaforgeit.com,Read AI,CLIENT-2026-04-07-001,executiveassistant@e.read.ai,executiveassistant@e.read.ai,"🗓 Urgent Sourcing : BSH on April 7, 2026 | Read Meeting Report",Open,N/A,Single,High,1,Not Provided,Not Provided,Not Provided,Not Provided,Not Provided,Not Provided,Not Provided,Not Provided,Not Provided,Not Provided,Not Provided
REQ-2026-04-07-002,2026-04-07,offshorejobs@metaforgeit.com,Metaforge,CLIENT-2026-04-07-002,pavani.J@metaforgeit.com,pavani.J@metaforgeit.com; molishamehra@kpmg.com; vinutaks@kpmg.com,Fw: Time slot required,Open,N/A,Single,Medium,1,Not Provided,Not Provided,Not Provided,Not Provided,12,Not Provided,Not Provided,Not Provided,Not Provided,Not Provided,Not Provided
REQ-2026-04-07-003,2026-04-07,Deepashree.Bc_ext@Ltts.com;saikiran.a@metaforgeit.com,Metaforge,CLIENT-2026-04-07-003,charlie@metaforgeit.com,charlie@metaforgeit.com,"Re: TPC - Kotlin, Java, Android SDK",Open,N/A,Single,Medium,1,Not Provided,Not Provided,Not Provided,Not Provided,00,Not Provided,Not Provided,Not Provided,Not Provided,Not Provided,Not Provided
REQ-2026-04-07-004,2026-04-07,Arctic.Naha@itcinfotech.com,Metaforge,CLIENT-2026-04-07-004,charlie@metaforgeit.com,charlie@metaforgeit.com,SAP Program Manager,Open,N/A,Single,Medium,1,Senior,Not Provided,INR,37.0 LPA,Not Provided,Not Provided,Gurugram,13.5 years,90 Days,Not Provided,SAP Program Manager
REQ-2026-04-07-005,2026-04-07,offshorejobs@metaforgeit.com,otter.ai,CLIENT-2026-04-07-005,no-reply@otter.ai,no-reply@otter.ai,Prakash Prabhakar shared Urgent Sourcing : BSH in Otter,Open,N/A,Single,High,1,Not Provided,Not Provided,Not Provided,Not Provided,00,Not Provided,Not Provided,Not Provided,Not Provided,Not Provided,Not Provided
REQ-2026-04-07-006,2026-04-07,Laila.Rodrigues@itcinfotech.com;Preetha.M@itcinfotech.com,Metaforge,CLIENT-2026-04-07-006,rahima.s@metaforgeit.com,rahima.s@metaforgeit.com,RE: 3PT Open demands,Open,N/A,Single,High,1,Not Provided,Not Provided,Not Provided,Not Provided,Not Provided,Not Provided,Not Provided,Not Provided,Not Provided,Not Provided,Not Provided
REQ-2026-04-07-007,2026-04-07,Preetha.M@itcinfotech.com,ITC,CLIENT-2026-04-07-007,Laila.Rodrigues@itcinfotech.com,Laila.Rodrigues@itcinfotech.com,3PT Open demands,Open,N/A,Single,High,1,Mid,Not Provided,Not Provided,Not Provided,Not Provided,Remote,Remote,5+ years,Immediate only,Not Provided,Not Provided
REQ-2026-04-07-008,2026-04-07,offshorejobs@metaforgeit.com,Read AI,CLIENT-2026-04-07-008,executiveassistant@e.read.ai,executiveassistant@e.read.ai,"🗓 Urgent Sourcing : BSH on April 7, 2026 | Read Meeting Report",Open,N/A,Single,High,1,Not Provided,Not Provided,Not Provided,Not Provided,Not Provided,Not Provided,Not Provided,Not Provided,Not Provided,Not Provided,Not Provided
REQ-2026-04-07-009,2026-04-07,offshorejobs@metaforgeit.com,otter.ai,CLIENT-2026-04-07-009,no-reply@otter.ai,no-reply@otter.ai,Meeting Summary for Urgent Sourcing : BSH,Open,N/A,Single,High,1,Mid,Not Provided,Not Provided,Not Provided,6,Not Provided,Up Call Is Scheduled For 6 Pm To Review The Profiles And Progress,4-15 years,Not Provided,Not Provided,Not Provided
REQ-2026-04-07-010,2026-04-07,offshorejobs@metaforgeit.com,otter.ai,CLIENT-2026-04-07-010,no-reply@otter.ai,no-reply@otter.ai,Prakash Prabhakar shared Urgent Sourcing : BSH in Otter,Open,N/A,Single,High,1,Not Provided,Not Provided,Not Provided,Not Provided,00,Not Provided,Not Provided,Not Provided,Not Provided,Not Provided,Not Provided
REQ-2026-04-07-011,2026-04-07,offshorejobs@metaforgeit.com,ITC,CLIENT-2026-04-07-011,Recruitment.Team@itcinfotech.com,Recruitment.Team@itcinfotech.com,Request to upload relevant profiles |SAP Functional Developer 60917,Open,N/A,Single,Medium,1,Not Provided,Not Provided,Not Provided,Not Provided,Not Provided,Not Provided,Not Provided,Not Provided,Not Provided,Not Provided,Not Provided
REQ-2026-04-07-012,2026-04-07,vinutaks@kpmg.com;molishamehra@kpmg.com,Metaforge,CLIENT-2026-04-07-012,pavani.J@metaforgeit.com,pavani.J@metaforgeit.com,Re: Sub Con | Anaplan Model Builders and Solution Architects,Open,N/A,Single,Medium,1,Not Provided,Not Provided,Not Provided,Not Provided,Not Provided,Not Provided,Not Provided,Not Provided,Not Provided,Not Provided,Not Provided
REQ-2026-04-07-013,2026-04-07,pavani.J@metaforgeit.com;molishamehra@kpmg.com,KPMG,CLIENT-2026-04-07-013,vinutaks@kpmg.com,vinutaks@kpmg.com; kavithaakula@kpmg.com; saikiran.a@metaforgeit.com; rkarnam@metaforgeit.com; offshorejobs@metaforgeit.com; rparimi@Kpmg.Com,RE: Sub Con | Anaplan Model Builders and Solution Architects,Open,N/A,Single,High,1,Senior,Contract,Not Provided,Not Provided,12,Not Provided,Not Provided,10.6 years,Vendor,Not Provided,Not Provided
REQ-2026-04-07-014,2026-04-07,molishamehra@kpmg.com,Metaforge,CLIENT-2026-04-07-014,pavani.J@metaforgeit.com,pavani.J@metaforgeit.com,Re: Subcon- C2H Data Scientist,Open,N/A,Single,Medium,1,Not Provided,Full Time,Not Provided,Not Provided,5.30,Not Provided,Not Provided,Not Provided,Not Provided,Not Provided,Not Provided
REQ-2026-04-07-015,2026-04-07,offshorejobs@metaforgeit.com,ITC,CLIENT-2026-04-07-015,Recruitment.Team@itcinfotech.com,Recruitment.Team@itcinfotech.com,Request to upload relevant profiles |SAP Program Manager 62194,Open,N/A,Single,Medium,1,Not Provided,Not Provided,Not Provided,Not Provided,Not Provided,Not Provided,Not Provided,Not Provided,Not Provided,Not Provided,Not Provided
REQ-2026-04-07-016,2026-04-07,GangaReddy.Gaddam@ust.com,Metaforge,CLIENT-2026-04-07-016,rahima.s@metaforgeit.com,rahima.s@metaforgeit.com,RE: Regarding Naushad client round schedule /Critical Position - Support Required,Open,N/A,Single,High,1,Not Provided,Not Provided,Not Provided,Not Provided,Not Provided,Not Provided,Not Provided,Not Provided,Not Provided,Not Provided,Not Provided
REQ-2026-04-07-017,2026-04-07,Kiran.N_ext@Ltts.com,Metaforge,CLIENT-2026-04-07-017,charlie@metaforgeit.com,charlie@metaforgeit.com,Re: TPC-Mobility-EE Lab Technician- Bangalore,Open,N/A,Single,High,1,Senior,Full Time,Not Provided,Not Provided,Not Provided,Not Provided,Not Provided,34.0 years,LWD 10 May 2026,Not Provided,Not Provided
REQ-2026-04-07-018,2026-04-07,offshorejobs@metaforgeit.com,Metaforge,CLIENT-2026-04-07-018,harini.s@metaforgeit.com,harini.s@metaforgeit.com; kavithaakula@kpmg.com; molishamehra@kpmg.com; rparimi@Kpmg.Com; smitinabh@kpmg.com,Fw: Requirement - Banking Client - BA & PMO roles,Open,N/A,Single,Medium,1,Not Provided,Not Provided,Not Provided,Not Provided,Not Provided,Not Provided,"Gurgaon, Bangalore, Hyderabad, Chennai",Not Provided,Not Provided,Not Provided,Not Provided
REQ-2026-04-07-019,2026-04-07,Rajeshwari.Negi@itcinfotech.com,Metaforge,CLIENT-2026-04-07-019,rahima.s@metaforgeit.com,rahima.s@metaforgeit.com,RE: Urgent Sourcing : BSH,Open,N/A,Single,High,1,Not Provided,Not Provided,Not Provided,Not Provided,Not Provided,Not Provided,Not Provided,Not Provided,Not Provided,Not Provided,Not Provided
REQ-2026-04-07-020,2026-04-07,rahima.s@metaforgeit.com,levitateconsulting.tech,CLIENT-2026-04-07-020,ranjithkumar@levitateconsulting.tech,ranjithkumar@levitateconsulting.tech; rkarnam@metaforgeit.com; offshorejobs@metaforgeit.com,Re: Critical - Large scale Opportunity with our Client Brillio and Request from Brillio,Open,N/A,Single,High,1,Junior,Not Provided,USD,Not Provided,32,Not Provided,Not Provided,2-4 years,Not Provided,Not Provided,Not Provided
REQ-2026-04-07-021,2026-04-07,offshorejobs@metaforgeit.com,KPMG,CLIENT-2026-04-07-021,smitinabh@kpmg.com,smitinabh@kpmg.com,Fw: Discussion-Pooja Agarwal(Finance Operations -Management Reporting),Open,N/A,Single,Medium,1,Not Provided,Not Provided,Not Provided,Not Provided,Not Provided,Not Provided,Not Provided,Not Provided,Not Provided,Not Provided,Not Provided
REQ-2026-04-07-022,2026-04-07,offshorejobs@metaforgeit.com,Metaforge,CLIENT-2026-04-07-022,harini.s@metaforgeit.com,harini.s@metaforgeit.com; kavithaakula@kpmg.com; molishamehra@kpmg.com; rparimi@Kpmg.Com; smitinabh@kpmg.com,CCR /treasury/Basel 3.1 BA (Gurgaon/Bangalore),Open,N/A,Bulk,Medium,12,Mid,Contract,Not Provided,Not Provided,Not Provided,Not Provided,Not Provided,GCB 5,Not Provided,Not Provided,Not Provided
REQ-2026-04-07-023,2026-04-07,Praveen.Kumar_ext@Ltts.com,LTTS,CLIENT-2026-04-07-023,Trayeetanu.Ganguly@Ltts.com,Trayeetanu.Ganguly@Ltts.com,TPC Requirement – 523264 – Validation Lead,Open,N/A,Single,Medium,1,Senior,Not Provided,INR,Not Provided,Not Provided,Not Provided,Not Provided,7-10 years,Not Provided,Not Provided,1.5 LPM
REQ-2026-04-07-024,2026-04-07,Kiran.N_ext@Ltts.com,LTTS,CLIENT-2026-04-07-024,Trayeetanu.Ganguly@Ltts.com,Trayeetanu.Ganguly@Ltts.com,TPC-mobility-Motor Control Integrated Software Tester. Immediate Joiner only,Open,N/A,Single,High,1,Mid,Full Time,INR,Not Provided,"00,000",Not Provided,Bangalore,5 years,Not Provided,Not Provided,motor control concepts
REQ-2026-04-07-025,2026-04-07,Kiran.N_ext@Ltts.com,LTTS,CLIENT-2026-04-07-025,Trayeetanu.Ganguly@Ltts.com,Trayeetanu.Ganguly@Ltts.com,"TPC- Mobility-PLC, HMI and SCADA (hardware as well as software-Hazira",Open,N/A,Single,Medium,1,Mid,Not Provided,INR,Not Provided,Not Provided,Not Provided,Hazira,4 years,Not Provided,Not Provided,PLC HMI and SCADA
REQ-2026-04-07-026,2026-04-07,Kiran.N_ext@Ltts.com,LTTS,CLIENT-2026-04-07-026,Trayeetanu.Ganguly@Ltts.com,Trayeetanu.Ganguly@Ltts.com,TPC-Mobility-EE Lab Technician- Bangalore,Open,N/A,Single,Medium,1,Junior,Not Provided,INR,Not Provided,Not Provided,Not Provided,Not Provided,2+ years,Not Provided,Not Provided,Testing & Debugging Support
REQ-2026-04-06-001,2026-04-06,Preetha.M@itcinfotech.com;prakash.r@itcinfotech.com,Metaforge,CLIENT-2026-04-06-001,rahima.s@metaforgeit.com,rahima.s@metaforgeit.com; Manikandan.G@itcinfotech.com; offshorejobs@metaforgeit.com,RE: Super critical update required Profile for Salesforce Admin-PCIIL_0000244900_1/Immediate Joiner URGENT Salesforce Requirements from ITC Infotech,Open,N/A,Single,High,1,Not Provided,Not Provided,Not Provided,Not Provided,20,Not Provided,Not Provided,Not Provided,Not Provided,Not Provided,Not Provided
REQ-2026-04-06-002,2026-04-06,offshorejobs@metaforgeit.com,Metaforge,CLIENT-2026-04-06-002,charlie@metaforgeit.com,charlie@metaforgeit.com,Fw: SAP DDM - Gurgaon,Open,N/A,Single,High,1,Senior,Contract,INR,45 LPA,Not Provided,Not Provided,Not Provided,20 years,Current Location,Not Provided,Not Provided
REQ-2026-04-06-003,2026-04-06,recruitment.application@metaforgeit.com,microsoft.com,CLIENT-2026-04-06-003,o365mc@microsoft.com,o365mc@microsoft.com,Weekly digest: Microsoft service updates,Open,N/A,Single,Medium,1,Not Provided,Not Provided,Not Provided,Not Provided,Not Provided,Not Provided,Not Provided,Not Provided,Not Provided,Not Provided,Not Provided
REQ-2026-04-06-004,2026-04-06,molishamehra@kpmg.com,Metaforge,CLIENT-2026-04-06-004,pavani.J@metaforgeit.com,pavani.J@metaforgeit.com,Profile for DevOps Engineer requirement,Open,N/A,Single,High,1,Senior,Contract,Not Provided,Not Provided,Not Provided,Not Provided,Not Provided,9.0 years,Vendor,Not Provided,Not Provided
REQ-2026-04-06-005,2026-04-06,Manikandan.G@itcinfotech.com,Metaforge,CLIENT-2026-04-06-005,rahima.s@metaforgeit.com,rahima.s@metaforgeit.com,CyberSecurity Specialist,Open,N/A,Single,High,1,Senior,Not Provided,INR,7.5 LPA,Not Provided,Not Provided,Hyderabad,7.5 years,CCTC,Not Provided,CyberSecurity Specialist
REQ-2026-04-06-006,2026-04-06,Kiran.N_ext@Ltts.com,Metaforge,CLIENT-2026-04-06-006,charlie@metaforgeit.com,charlie@metaforgeit.com,Re: TPC-DPS-Data Engineer -immediate joiner-Gurgoan location,Open,N/A,Single,High,1,Mid,Full Time,Not Provided,Not Provided,Not Provided,Hybrid,Not Provided,4.5 years,Not Provided,Not Provided,Not Provided
REQ-2026-04-06-007,2026-04-06,charlie@metaforgeit.com;saikiran.a@metaforgeit.com,LTTS,CLIENT-2026-04-06-007,Deepashree.Bc_ext@Ltts.com,Deepashree.Bc_ext@Ltts.com; Kiran.N_ext@Ltts.com; offshorejobs@metaforgeit.com; Praveen.Kumar_ext@Ltts.com,"RE: TPC - Kotlin, Java, Android SDK",Open,N/A,Single,Medium,1,Not Provided,Not Provided,Not Provided,Not Provided,53,Not Provided,Not Provided,Not Provided,Not Provided,Not Provided,Not Provided
REQ-2026-04-06-008,2026-04-06,Deepashree.Bc_ext@Ltts.com;saikiran.a@metaforgeit.com,Metaforge,CLIENT-2026-04-06-008,charlie@metaforgeit.com,charlie@metaforgeit.com,"Re: TPC - Kotlin, Java, Android SDK",Open,N/A,Single,Medium,1,Not Provided,Not Provided,Not Provided,Not Provided,30,Not Provided,Not Provided,Not Provided,Not Provided,Not Provided,Not Provided
REQ-2026-04-06-009,2026-04-06,charlie@metaforgeit.com;saikiran.a@metaforgeit.com,LTTS,CLIENT-2026-04-06-009,Deepashree.Bc_ext@Ltts.com,Deepashree.Bc_ext@Ltts.com; Kiran.N_ext@Ltts.com; offshorejobs@metaforgeit.com; Praveen.Kumar_ext@Ltts.com,"RE: TPC - Kotlin, Java, Android SDK",Open,N/A,Single,Medium,1,Not Provided,Not Provided,Not Provided,Not Provided,30,Not Provided,Not Provided,Not Provided,Not Provided,Not Provided,Not Provided
REQ-2026-04-06-010,2026-04-06,offshorejobs@metaforgeit.com,Metaforge,CLIENT-2026-04-06-010,rkarnam@metaforgeit.com,rkarnam@metaforgeit.com; kavithaakula@kpmg.com; molishamehra@kpmg.com; rparimi@Kpmg.Com,FW: Follow up | Sub Con | Anaplan Model Builders and Solution Architects,Open,N/A,Single,High,1,Senior,Full Time,Not Provided,Not Provided,Not Provided,Hybrid,Bangalore,7-10 years,Not Provided,Not Provided,Not Provided
REQ-2026-04-06-011,2026-04-06,Rajeshwari.Negi@itcinfotech.com;sanisetty.divyabhavani@itcinfotech.com,Metaforge,CLIENT-2026-04-06-011,rahima.s@metaforgeit.com,rahima.s@metaforgeit.com,RE: Request for the status of submissions/ Urgent Sourcing : Oracle Positions,Open,N/A,Single,High,1,Not Provided,Not Provided,Not Provided,Not Provided,Not Provided,Not Provided,Not Provided,Not Provided,Not Provided,Not Provided,Not Provided
REQ-2026-04-06-012,2026-04-06,Deepashree.Bc_ext@Ltts.com;saikiran.a@metaforgeit.com,Metaforge,CLIENT-2026-04-06-012,charlie@metaforgeit.com,charlie@metaforgeit.com; Kiran.N_ext@Ltts.com; offshorejobs@metaforgeit.com; Praveen.Kumar_ext@Ltts.com,"Re: TPC - Kotlin, Java, Android SDK",Open,N/A,Single,Medium,1,Not Provided,Not Provided,Not Provided,Not Provided,19,Not Provided,Not Provided,Not Provided,Not Provided,Not Provided,Not Provided
REQ-2026-04-06-013,2026-04-06,ranjithkumar@levitateconsulting.tech,Metaforge,CLIENT-2026-04-06-013,rahima.s@metaforgeit.com,rahima.s@metaforgeit.com; rkarnam@metaforgeit.com; offshorejobs@metaforgeit.com,RE: Critical - Large scale Opportunity with our Client Brillio and Request from Brillio,Open,N/A,Single,High,1,Junior,Not Provided,USD,Not Provided,32,Not Provided,Not Provided,2-4 years,Not Provided,Not Provided,Not Provided
REQ-2026-04-06-014,2026-04-06,offshorejobs@metaforgeit.com,Metaforge,CLIENT-2026-04-06-014,harini.s@metaforgeit.com,harini.s@metaforgeit.com; kavithaakula@kpmg.com; smitinabh@kpmg.com,Fw: Saviynt Developers - FTE/FTS/Sub-Con,Open,N/A,Single,Medium,1,Not Provided,Full Time,Not Provided,Not Provided,06,Not Provided,Not Provided,Not Provided,Not Provided,Not Provided,Not Provided
REQ-2026-04-06-015,2026-04-06,GangaReddy.Gaddam@ust.com,Metaforge,CLIENT-2026-04-06-015,rahima.s@metaforgeit.com,rahima.s@metaforgeit.com; offshorejobs@metaforgeit.com,Support Required,Open,N/A,Single,High,1,Not Provided,Not Provided,Not Provided,Not Provided,27,Not Provided,Not Provided,Not Provided,Not Provided,Not Provided,Not Provided
REQ-2026-04-05-001,2026-04-05,harini.s@metaforgeit.com,KPMG,CLIENT-2026-04-05-001,sauravmajumder@kpmg.com,sauravmajumder@kpmg.com; kavithaakula@kpmg.com; rkarnam@metaforgeit.com; offshorejobs@metaforgeit.com; viswanadh.r@metaforgeit.com; saikiran.a@metaforgeit.com,RE: Sailpoint IDN requirement along with MFA experience,Open,N/A,Single,Medium,1,Senior,Contract,INR,13.0 LPA,47,Not Provided,Not Provided,10.0 years,Vendor,Not Provided,Not Provided
REQ-2026-04-04-001,2026-04-04,Kiran.N_ext@Ltts.com,Metaforge,CLIENT-2026-04-04-001,charlie@metaforgeit.com,charlie@metaforgeit.com,"Re: TPC- MNT-BIOS Val, Debug, TCD and Automation Development-522486-Bangalore",Open,N/A,Single,Medium,1,Not Provided,Not Provided,Not Provided,Not Provided,Not Provided,Not Provided,Not Provided,Not Provided,Not Provided,Not Provided,Not Provided
REQ-2026-04-04-002,2026-04-04,charlie@metaforgeit.com,LTTS,CLIENT-2026-04-04-002,Kiran.N_ext@Ltts.com,Kiran.N_ext@Ltts.com; Trayeetanu.Ganguly@Ltts.com; rkarnam@metaforgeit.com; offshorejobs@metaforgeit.com,"RE: TPC- MNT-BIOS Val, Debug, TCD and Automation Development-522486-Bangalore",Open,N/A,Single,High,1,Mid,Full Time,Not Provided,Not Provided,01,Not Provided,Not Provided,4 years,Not Provided,Not Provided,Not Provided
REQ-2026-04-04-003,2026-04-04,charlie@metaforgeit.com,LTTS,CLIENT-2026-04-04-003,Kiran.N_ext@Ltts.com,Kiran.N_ext@Ltts.com; Trayeetanu.Ganguly@Ltts.com; rkarnam@metaforgeit.com; offshorejobs@metaforgeit.com,"RE: TPC- MNT-BIOS Val, Debug, TCD and Automation Development-522486-Bangalore",Open,N/A,Single,High,1,Mid,Full Time,Not Provided,Not Provided,01,Not Provided,Not Provided,4 years,Not Provided,Not Provided,Not Provided
REQ-2026-04-03-001,2026-04-03,harini.s@metaforgeit.com,KPMG,CLIENT-2026-04-03-001,sauravmajumder@kpmg.com,sauravmajumder@kpmg.com; kavithaakula@kpmg.com; rkarnam@metaforgeit.com; offshorejobs@metaforgeit.com; viswanadh.r@metaforgeit.com,RE: IAM Analyst Requirements,Open,N/A,Single,High,1,Senior,Contract,INR,15.0 LPA,59,Not Provided,Not Provided,7.0 years,Vendor,Not Provided,Not Provided
REQ-2026-04-03-002,2026-04-03,harini.s@metaforgeit.com,KPMG,CLIENT-2026-04-03-002,sauravmajumder@kpmg.com,sauravmajumder@kpmg.com; kavithaakula@kpmg.com; rkarnam@metaforgeit.com; offshorejobs@metaforgeit.com; viswanadh.r@metaforgeit.com; saikiran.a@metaforgeit.com,RE: Digital Innovation - Technical PM,Open,N/A,Single,High,1,Senior,Contract,Not Provided,Not Provided,17,Not Provided,Not Provided,17.0 years,Vendor,Not Provided,Not Provided
REQ-2026-04-03-003,2026-04-03,charlie@metaforgeit.com;saikiran.a@metaforgeit.com,LTTS,CLIENT-2026-04-03-003,Deepashree.Bc_ext@Ltts.com,Deepashree.Bc_ext@Ltts.com; Kiran.N_ext@Ltts.com; offshorejobs@metaforgeit.com; Praveen.Kumar_ext@Ltts.com,"RE: TPC - Kotlin, Java, Android SDK",Open,N/A,Single,Medium,1,Not Provided,Not Provided,Not Provided,Not Provided,19,Not Provided,Not Provided,Not Provided,Not Provided,Not Provided,Not Provided
REQ-2026-04-03-004,2026-04-03,Deepashree.Bc_ext@Ltts.com;saikiran.a@metaforgeit.com,Metaforge,CLIENT-2026-04-03-004,charlie@metaforgeit.com,charlie@metaforgeit.com,"Re: TPC - Kotlin, Java, Android SDK",Open,N/A,Single,Medium,1,Not Provided,Not Provided,Not Provided,Not Provided,00,Not Provided,Not Provided,Not Provided,Not Provided,Not Provided,Not Provided
REQ-2026-04-03-005,2026-04-03,saikiran.a@metaforgeit.com;charlie@metaforgeit.com,LTTS,CLIENT-2026-04-03-005,Deepashree.Bc_ext@Ltts.com,Deepashree.Bc_ext@Ltts.com; Kiran.N_ext@Ltts.com; offshorejobs@metaforgeit.com; Praveen.Kumar_ext@Ltts.com,"TPC - Kotlin, Java, Android SDK",Open,N/A,Single,Medium,1,Not Provided,Not Provided,Not Provided,Not Provided,00,Not Provided,Not Provided,Not Provided,Not Provided,Not Provided,Not Provided
REQ-2026-04-03-006,2026-04-03,offshorejobs@metaforgeit.com,codersbrain.com,CLIENT-2026-04-03-006,Greanu@codersbrain.com,Greanu@codersbrain.com,Hire Developers Quickly - Strong Pool of IT Resources on the Bench-CodersBrain,Open,N/A,Single,High,1,Not Provided,Contract,Not Provided,Not Provided,Not Provided,Remote,Not Provided,Not Provided,Not Provided,Not Provided,Not Provided
REQ-2026-04-03-007,2026-04-03,Kiran.N_ext@Ltts.com,Metaforge,CLIENT-2026-04-03-007,charlie@metaforgeit.com,charlie@metaforgeit.com,"Re: TPC- MNT-BIOS Val, Debug, TCD and Automation Development-522486-Bangalore",Open,N/A,Single,High,1,Mid,Full Time,Not Provided,Not Provided,Not Provided,Not Provided,Not Provided,4 years,Not Provided,Not Provided,Not Provided
REQ-2026-04-02-001,2026-04-02,offshorejobs@metaforgeit.com,KPMG,CLIENT-2026-04-02-001,smitinabh@kpmg.com,smitinabh@kpmg.com,Fw: Discussion-Rupesh Babu Sabbisetty(Reference Data Operations / Data Quality / Data Governance),Open,N/A,Single,Medium,1,Not Provided,Not Provided,Not Provided,Not Provided,Not Provided,Not Provided,Not Provided,Not Provided,Not Provided,Not Provided,Not Provided
REQ-2026-04-02-002,2026-04-02,offshorejobs@metaforgeit.com,KPMG,CLIENT-2026-04-02-002,smitinabh@kpmg.com,smitinabh@kpmg.com,Fw: Discussion-Ashutosh Singh(ISSB Support),Open,N/A,Single,Medium,1,Not Provided,Not Provided,Not Provided,Not Provided,Not Provided,Not Provided,Not Provided,Not Provided,Not Provided,Not Provided,Not Provided
REQ-2026-04-02-003,2026-04-02,offshorejobs@metaforgeit.com,KPMG,CLIENT-2026-04-02-003,smitinabh@kpmg.com,smitinabh@kpmg.com,Fw: Discussion-Kushal Sarda(Finance Operations - Management Reporting),Open,N/A,Single,Medium,1,Not Provided,Not Provided,Not Provided,Not Provided,Not Provided,Not Provided,Not Provided,Not Provided,Not Provided,Not Provided,Not Provided
REQ-2026-04-02-004,2026-04-02,offshorejobs@metaforgeit.com,KPMG,CLIENT-2026-04-02-004,smitinabh@kpmg.com,smitinabh@kpmg.com,Fw: Discussion-Piyush Bardwaj(SOX Controls enhancement),Open,N/A,Single,Medium,1,Not Provided,Not Provided,Not Provided,Not Provided,Not Provided,Not Provided,Not Provided,Not Provided,Not Provided,Not Provided,Not Provided
REQ-2026-04-02-005,2026-04-02,offshorejobs@metaforgeit.com,KPMG,CLIENT-2026-04-02-005,smitinabh@kpmg.com,smitinabh@kpmg.com,Fw: Discussion-Payal Behera(ESG Reporting Manager),Open,N/A,Single,Medium,1,Not Provided,Not Provided,Not Provided,Not Provided,Not Provided,Not Provided,Not Provided,Not Provided,Not Provided,Not Provided,Not Provided
REQ-2026-04-02-006,2026-04-02,Preetha.M@itcinfotech.com,Metaforge,CLIENT-2026-04-02-006,rahima.s@metaforgeit.com,rahima.s@metaforgeit.com; Manikandan.G@itcinfotech.com; Prakash.R@itcinfotech.com,Salesforce Developer,Open,N/A,Single,High,1,Senior,Not Provided,INR,31 LPA,13,Not Provided,"Bangalore, Pune/Bangalore",16.0 years,CCTC,Not Provided,Salesforce Developer
REQ-2026-04-02-007,2026-04-02,Preetha.M@itcinfotech.com;prakash.r@itcinfotech.com,Metaforge,CLIENT-2026-04-02-007,rahima.s@metaforgeit.com,rahima.s@metaforgeit.com,Super critical update required Profile for Salesforce Admin-PCIIL_0000244900_1/Immediate Joiner URGENT Salesforce Requirements from ITC Infotech,Open,N/A,Single,High,1,Not Provided,Not Provided,Not Provided,Not Provided,Not Provided,Not Provided,Not Provided,Not Provided,Not Provided,Not Provided,Not Provided
REQ-2026-04-02-008,2026-04-02,sauravmajumder@kpmg.com,Metaforge,CLIENT-2026-04-02-008,harini.s@metaforgeit.com,harini.s@metaforgeit.com,Re: Sailpoint IDN requirement along with MFA experience,Open,N/A,Single,Medium,1,Senior,Contract,INR,13.0 LPA,Not Provided,Not Provided,Not Provided,10.0 years,Vendor,Not Provided,Not Provided
REQ-2026-04-02-009,2026-04-02,offshorejobs@metaforgeit.com,Metaforge,CLIENT-2026-04-02-009,rahima.s@metaforgeit.com,rahima.s@metaforgeit.com,Fw: Urgent requirement_ SRE_ Pending profiles required,Open,N/A,Single,High,1,Mid,Not Provided,INR,Not Provided,30,Not Provided,"Pune, Kochi, Tvm, Chennai",6+ years,Not Provided,Not Provided,GCP AWS
REQ-2026-04-02-010,2026-04-02,offshorejobs@metaforgeit.com,Metaforge,CLIENT-2026-04-02-010,rahima.s@metaforgeit.com,rahima.s@metaforgeit.com; Pratiksha.Sangani@itcinfotech.com,Lead STIBO STEP MDMPIM,Open,N/A,Single,High,1,Senior,Contract,INR,Not Provided,03,Not Provided,Pune,9 years,Not Provided,Not Provided,Not Provided
REQ-2026-04-02-011,2026-04-02,divya.grover@itcinfotech.com,Metaforge,CLIENT-2026-04-02-011,rahima.s@metaforgeit.com,rahima.s@metaforgeit.com; thirumal.govindan@itcinfotech.com; divya.grover@itcinfotech.com; offshorejobs@metaforgeit.com,Re: Urgent Sourcing : GO Project-Profile for SAP MM/Immediate joiners,Open,N/A,Single,High,1,Senior,Not Provided,INR,26 LPA,19,Not Provided,"Chennai, Bengaluru",16 years,Current Location,Not Provided,Not Provided
REQ-2026-04-02-012,2026-04-02,viswa.m@gladinfosystems.com,fireflies.ai,CLIENT-2026-04-02-012,fred@fireflies.ai,fred@fireflies.ai,Your meeting recap - Quick connect,Open,N/A,Single,Medium,1,Not Provided,Not Provided,Not Provided,Not Provided,30,Not Provided,Not Provided,Not Provided,Not Provided,Not Provided,Not Provided
REQ-2026-04-02-013,2026-04-02,divya.grover@itcinfotech.com,Metaforge,CLIENT-2026-04-02-013,rahima.s@metaforgeit.com,rahima.s@metaforgeit.com,Fw: Profiles for - Urgent and critical requirement- SAP ABAP Consultant,Open,N/A,Single,High,1,Mid,Not Provided,INR,15.13 LPA,Not Provided,Not Provided,2,6 years,Current Location,Not Provided,Not Provided
REQ-2026-04-02-014,2026-04-02,sauravmajumder@kpmg.com,Metaforge,CLIENT-2026-04-02-014,harini.s@metaforgeit.com,harini.s@metaforgeit.com,Re: Digital Innovation - Technical PM,Open,N/A,Single,High,1,Senior,Contract,Not Provided,Not Provided,Not Provided,Not Provided,Not Provided,17.0 years,Vendor,Not Provided,Not Provided
REQ-2026-04-02-015,2026-04-02,ranjithkumar@levitateconsulting.tech,Metaforge,CLIENT-2026-04-02-015,rahima.s@metaforgeit.com,rahima.s@metaforgeit.com; rkarnam@metaforgeit.com; offshorejobs@metaforgeit.com,Re: Critical - Large scale Opportunity with our Client Brillio and Request from Brillio,Open,N/A,Single,High,1,Junior,Not Provided,Not Provided,Not Provided,31,Not Provided,Not Provided,2-4 years,Not Provided,Not Provided,Not Provided
REQ-2026-04-02-016,2026-04-02,offshorejobs@metaforgeit.com,Read AI,CLIENT-2026-04-02-016,executiveassistant@e.read.ai,executiveassistant@e.read.ai,"🗓 Quick connect on April 2, 2026 | Read Meeting Report",Open,N/A,Bulk,High,200,Not Provided,Not Provided,Not Provided,Not Provided,Not Provided,Not Provided,Not Provided,Not Provided,Not Provided,Not Provided,Not Provided
REQ-2026-04-02-017,2026-04-02,rahima.s@metaforgeit.com,levitateconsulting.tech,CLIENT-2026-04-02-017,ranjithkumar@levitateconsulting.tech,ranjithkumar@levitateconsulting.tech,Re: Critical - Large scale Opportunity with our Client Brillio and Request from Brillio,Open,N/A,Single,High,1,Junior,Not Provided,Not Provided,Not Provided,Not Provided,Not Provided,Not Provided,2-4 years,Not Provided,Not Provided,Not Provided
REQ-2026-04-02-018,2026-04-02,rahima.s@metaforgeit.com,levitateconsulting.tech,CLIENT-2026-04-02-018,ranjithkumar@levitateconsulting.tech,ranjithkumar@levitateconsulting.tech,Re: Critical - Large scale Opportunity with our Client Brillio and Request from Brillio,Open,N/A,Single,High,1,Junior,Not Provided,Not Provided,Not Provided,Not Provided,Not Provided,Not Provided,2-4 years,Not Provided,Not Provided,Not Provided
REQ-2026-04-02-019,2026-04-02,sunil.parte@mindsclik.com;kavitha.m@eslabs.net;tnm.payroll@tnmhr.com;hari@necronindia.com;heera@hnssolutions.org;dathree.javvadi@vncservices.in;bharanidharan@dmaicacademy.com;vishakha@trustklub.com;srinivas@volensoftware.com;sfjbs.itc@sfjbs.com;hrops@intelliest.in;venu@mytechglobal.in;giridhar@ivispl.com;karthik@hiyamee.com;haris@mindtelglobal.com;anil.k@stratosphere.co.in;uma@gshrconsulting.com;karthik@srassindia.com;career@shenzyn.com;mihir.biswas@econsulting.in;abhishek@heronstrategic.com;exe.hr@kanbaninfosystem.com;GurmeetSingh@hirehubitsolutions.com;mamtha.k@triadsquare.com;ameena.razak@talentspectrum.in;sourcing@nishtechnologies.com;ragav@livecjobs.com;stephen.g@livecjobs.com;madhur@rapscorp.com;hr@talentncs.com;akansha.saini@apptadinc.com;radhika.b@sureminds.co.in;bharathkumar@krgtech.com;itc@krgtech.com;Rithika.S@krgtech.com;Ananda@spartechnologyservices.com;swati.kv@ikrux.com;itc.account@mroads.com;itcaccount@seintiv.com;pranita.kumari@hirexa.com;jyothi.r@in.experis.com;koushik.reddy@in.experis.com;hr@vernasoft.com;madhur@grouphrservices.in;Chethan.s@techouts.com;sumeet.dewan@lecansolutions.com;ram@ibridgetechsoft.com;Abhishek.tiwari@kapstag.com;surender.r@jaastechnologies.com;smjuturu@surensinffotek.com;lakshmi.kona@rightworkz.com;ajeeth.s@jigserv.com;itc_account@happytechnovation.com;shiva@spstaffing.in;recruitment@innovationconsulting.net;sapan.shrivastava@maxotechsolutions.com;anshika@intellisofttech.com;Vibhanshu@4bell.com;harish@nippondata.com;vm@tyagroup.co.in;Tripti.Pambri@fifthgentechs.com;Chetan@agile-tech.in;mayurie@themerakisventures.com;jameel.m@arrayantech.com;venki@denovosoftsol.com;requisitions@zenfinet.com;lokesh@panoramasoftware.in;ram@guardiansinfotech.com;bhavik@digitrixsoft.com;shilpi@srssolutions.co.in;devanshi.gupte@bestowalsystems.com;a.thota@ajacs.in;reena.verma@orcapod.work;reena.goel@net2source.com;sales@asianglobalinfotech.com;Itcinfotech@vnsoft.in;nsp.karthik@keirinsofttech.com;subhasree.N@proitcon.in;gowthami.sp@berenikebion.com;kuldip.sinngh@templetec.com;Mridul.sharma@haulplus.in;ashish.a@focusinfotech.com;recruitment@netquo.in;prabahar@iviewsense.com;gritika@skywaves.pro;viswa.m@gladinfosystems.com;dsainathan@radiants.com;ITCinfotech@varite.com;subcon@optivaluetek.com;seema@mergenit.com;Operations@kt-consultings.com;info@sapinger.com;itc@mechispike.com;pooja@elementtechnologies.com;helpdesk@esquareinfo.com;swarupa.mukherjee@nexucon.com;amogh@twinpacs.com;daniel@atikatechnologies.com;jahnavi@firstmile.global;Harsha@renuzatech.com;john.d@renuzatech.com;info@ssoitech.com;janaki.v@mlopssol.com;ITCInfotech_Req@ziniosedge.com;surendra.shetty@mercsoftin.com;sathishkumar.k@lagaramsolutions.com;raj.akkireddy@heits.in;sbind@venshatechsoft.com;Nitesh.s@geeksoft.eu;naresh.km@ngchr.com;madduri@volkslab.com;ranjit@asian-technology.com;sidharth.zutshi@emulus.co;prasun.talukdar@tuteck.com;simar@happiehire.com;sreenivas@exafluence.com;hrdesk@exafluence.com;info@aimitra.com;itcinfotech@asuuki.com;careers@flipcarbon.in;offshorejobs@metaforgeit.com;ankita.s@ditechhro.com;poonam.m@thoughtquad.com;perydot.recruitment@perydot.com;hyma.my@ridik.net;freeda.mary@randstad.in;Divya.bhardwaj@altezzasys.com;abhishek@glsgloballanguage.com;info@techforcesystems.com;tripura.k@thinknestsolutions.com;info@eminentmultiservices.com;sukhish.puri@nlbtech.com;sales@cltechglobal.com;ankita@cltechglobal.com;diwakar.singh@eminentmultiservices.com;adutta@makwiz.com;sudipto@ds-infotech.com;sreekanthk@fixitytech.com;shyamala.j@embarkgcc.com;meghasetty@acknowledgerfirst.com;Recruitment@redwavesol.com;sautisen@bit2b.co.in;mahesh.r@daplitservices.com;ravi@sumedhastech.com;trupthi.bt@xpheno.com;golda.d@saaconsulting.co.in;Nidhi.s@palni.com;monicajettipalle@michaelpage.co.in;sanchali@ermrecruits.com;Sourabh.som@spc-services.net;sibaji.ganguly@gforces.in;global.delivery@ornnova.com;Rakesh.rathore@adecco.com;talent@inkitsolutions.com;thiru.suresh@willwaretech.com;archana.Hulmani@zietatech.com;naveen.chadha@cloud9power.com;mitali.sharma@codersbrain.com;jagadish@helixbeat.com;dr.prakash@muoro.com;viros@xzeds.com;aiyer@i-qode.com;aniket.g@esolglobal.com;sudha.r@kannanware.com;itcinfotech@techblissdigital.com,ITC,CLIENT-2026-04-02-019,Thirumal.Govindan@itcinfotech.com,Thirumal.Govindan@itcinfotech.com,Quick connect,Open,N/A,Single,Medium,1,Not Provided,Not Provided,Not Provided,Not Provided,Not Provided,Not Provided,Not Provided,Not Provided,Not Provided,Not Provided,Not Provided
REQ-2026-04-02-020,2026-04-02,manikandan.g@itcinfotech.com,Metaforge,CLIENT-2026-04-02-020,rahima.s@metaforgeit.com,rahima.s@metaforgeit.com,CyberSecurity Specialist,Open,N/A,Single,High,1,Senior,Not Provided,INR,7.5 LPA,Not Provided,Not Provided,Hyderabad,7.5 years,CCTC,Not Provided,CyberSecurity Specialist
REQ-2026-04-02-021,2026-04-02,molishamehra@kpmg.com,Metaforge,CLIENT-2026-04-02-021,pavani.J@metaforgeit.com,pavani.J@metaforgeit.com,Re: Subcon- C2H Data Scientist,Open,N/A,Single,High,1,Mid,Contract,Not Provided,Not Provided,Not Provided,Not Provided,Not Provided,4.5 years,Vendor,Not Provided,Not Provided
REQ-2026-04-02-022,2026-04-02,offshorejobs@metaforgeit.com,otter.ai,CLIENT-2026-04-02-022,no-reply@otter.ai,no-reply@otter.ai,Prakash Prabhakar shared Quick connect in Otter,Open,N/A,Single,Medium,1,Not Provided,Not Provided,Not Provided,Not Provided,00,Not Provided,Not Provided,Not Provided,Not Provided,Not Provided,Not Provided
REQ-2026-04-02-023,2026-04-02,sauravmajumder@kpmg.com,Metaforge,CLIENT-2026-04-02-023,harini.s@metaforgeit.com,harini.s@metaforgeit.com,Re: PM requirement - FTS,Open,N/A,Single,High,1,Senior,Contract,INR,28.0 LPA,9999045256,Not Provided,Not Provided,10.0 years,Vendor,Not Provided,Not Provided
REQ-2026-04-02-024,2026-04-02,Not Provided,ITC,CLIENT-2026-04-02-024,Likhita.Bhattu@itcinfotech.com,Likhita.Bhattu@itcinfotech.com; I3LVendor.Management@itcinfotech.com,Urgent & Important - ITCI - Vendor Skill Inventory Data Required,Open,N/A,Single,High,1,Not Provided,Not Provided,Not Provided,Not Provided,32,Not Provided,Not Provided,Not Provided,Not Provided,Not Provided,Not Provided
REQ-2026-04-02-025,2026-04-02,ranjithkumar@levitateconsulting.tech,Metaforge,CLIENT-2026-04-02-025,rahima.s@metaforgeit.com,rahima.s@metaforgeit.com,Re: Critical - Large scale Opportunity with our Client Brillio and Request from Brillio,Open,N/A,Single,High,1,Junior,Not Provided,Not Provided,Not Provided,Not Provided,Not Provided,Not Provided,2-4 years,Not Provided,Not Provided,Not Provided
REQ-2026-04-02-026,2026-04-02,Not Provided,ITC,CLIENT-2026-04-02-026,Laila.Rodrigues@itcinfotech.com,Laila.Rodrigues@itcinfotech.com,Urgent Position - Lead STIBO STEP MDMPIM,Open,N/A,Single,High,1,Senior,Contract,INR,Not Provided,Not Provided,Not Provided,Pune,9 years,Not Provided,Not Provided,Not Provided
REQ-2026-04-02-027,2026-04-02,Praveen.Kumar_ext@Ltts.com,LTTS,CLIENT-2026-04-02-027,Trayeetanu.Ganguly@Ltts.com,Trayeetanu.Ganguly@Ltts.com,Requirement – 523122 – Japan Life – Automation Test Engineer,Open,N/A,Single,Medium,1,Senior,Not Provided,INR,Not Provided,Not Provided,Not Provided,Not Provided,7-10 years,Not Provided,"Hands on experience in WCA Conducting external lab tests like FTB (fast tranzorb burst), EMI (electromagnetic induction), EMC (Electromagnetic Cpmpatibility)ESD (electrostatic discharge), and Conducted Emission as per IEC and UL standards.Hands on experiene in compliance and precompliance","Design digital circuits Prdt development component sourcing circuit simulation WCA Component sourcing for new design Medical products, data sheet comparison, Evaluation and Approval of new electronic components and preparing the Reports like (microcontrollers, sensors, power ICs) based on medical-grade standards. 3. Medical Device Functionality testing"
REQ-2026-04-02-028,2026-04-02,Praveen.Kumar_ext@Ltts.com,LTTS,CLIENT-2026-04-02-028,Trayeetanu.Ganguly@Ltts.com,Trayeetanu.Ganguly@Ltts.com,Requirement – 519796 – LITENS – HIL testing,Open,N/A,Single,High,1,Mid,Not Provided,INR,Not Provided,Not Provided,Not Provided,Not Provided,5-7 years,Not Provided,Not Provided,"HIL Testing HSIT ASPICE ISO 26262 CAN LIN and UDS. Strong hands-on experience with System Testing, Sub-System Testing, and HSIT in automotive systems. Experience with Black-box and Grey-box Testing methodologies. Proficiency in Hardware-in-Loop (HIL) testing and related tools (e.g., dSPACE, Labview, Vector VT System). Knowledge of ISTQB concepts and testing methodologies."
REQ-2026-04-02-029,2026-04-02,manikandan.g@itcinfotech.com,Metaforge,CLIENT-2026-04-02-029,rahima.s@metaforgeit.com,rahima.s@metaforgeit.com,Re: ITCI Urgent Replacement SO# 0000245972,Open,N/A,Single,High,1,Not Provided,Not Provided,Not Provided,Not Provided,Not Provided,Not Provided,Not Provided,Not Provided,Not Provided,Not Provided,Not Provided
REQ-2026-04-02-030,2026-04-02,Praveen.Kumar_ext@Ltts.com,LTTS,CLIENT-2026-04-02-030,Trayeetanu.Ganguly@Ltts.com,Trayeetanu.Ganguly@Ltts.com,Requirement – 521688 – Motorola – Python Automation Testing,Open,N/A,Single,Medium,1,Mid,Not Provided,INR,Not Provided,Not Provided,Not Provided,Not Provided,5-7 years,Not Provided,Not Provided,Python Automation Selenium Android Device Testing
REQ-2026-04-02-031,2026-04-02,Praveen.Kumar_ext@Ltts.com,LTTS,CLIENT-2026-04-02-031,Trayeetanu.Ganguly@Ltts.com,Trayeetanu.Ganguly@Ltts.com,"Requirement – 520158 – MTU India – TPT, Matlab, Windchill",Open,N/A,Single,Medium,1,Mid,Not Provided,INR,Not Provided,Not Provided,Not Provided,Not Provided,3+ years,Not Provided,Not Provided,"Python Automation Selenium Android Device Testing Perform MIL, SIL, System -level testing for automotive ECUs Develop test scripts for automated testing (Python, CAPL, MATLAB, etc.). Basic understanding of Object-oriented Programming (OOPs) in Python. Understanding of Azure pipelines."
REQ-2026-04-02-032,2026-04-02,Praveen.Kumar_ext@Ltts.com,LTTS,CLIENT-2026-04-02-032,Trayeetanu.Ganguly@Ltts.com,Trayeetanu.Ganguly@Ltts.com,Requirement – 523287– PHILIPS – Python Automation Engineer,Open,N/A,Single,Medium,1,Mid,Not Provided,INR,Not Provided,Not Provided,Not Provided,Not Provided,3+ years,Not Provided,Not Provided,Python Automation Pytest Docker GIT Azure DevOps JIRA.
REQ-2026-04-02-033,2026-04-02,Rajeshwari.Negi@itcinfotech.com;sanisetty.divyabhavani@itcinfotech.com,Metaforge,CLIENT-2026-04-02-033,rahima.s@metaforgeit.com,rahima.s@metaforgeit.com,Re: Request for the status of submissions/ Urgent Sourcing : Oracle Positions,Open,N/A,Single,High,1,Not Provided,Not Provided,Not Provided,Not Provided,Not Provided,Not Provided,Not Provided,Not Provided,Not Provided,Not Provided,Not Provided
REQ-2026-04-02-034,2026-04-02,GangaReddy.Gaddam@ust.com,Metaforge,CLIENT-2026-04-02-034,rahima.s@metaforgeit.com,rahima.s@metaforgeit.com,Re: Regarding Naushad client round schedule /Critical Position - Support Required,Open,N/A,Single,High,1,Not Provided,Not Provided,Not Provided,Not Provided,Not Provided,Not Provided,Not Provided,Not Provided,Not Provided,Not Provided,Not Provided
REQ-2026-04-02-035,2026-04-02,offshorejobs@metaforgeit.com,ITC,CLIENT-2026-04-02-035,Recruitment.Team@itcinfotech.com,Recruitment.Team@itcinfotech.com,Request to upload relevant profiles |SAP Technical Developer 62091,Open,N/A,Single,Medium,1,Not Provided,Not Provided,Not Provided,Not Provided,Not Provided,Not Provided,Not Provided,Not Provided,Not Provided,Not Provided,Not Provided
REQ-2026-04-02-036,2026-04-02,offshorejobs@metaforgeit.com,Read AI,CLIENT-2026-04-02-036,executiveassistant@e.read.ai,executiveassistant@e.read.ai,"🗓 Urgent Sourcing : ESAG on April 2, 2026 | Read Meeting Report",Open,N/A,Single,High,1,Not Provided,Not Provided,Not Provided,Not Provided,Not Provided,Not Provided,Not Provided,Not Provided,Not Provided,Are the listed keywords mandatory for all the skillsets?,The hiring need is for 12 open senior SAP positions across six skillsets for client ESAG. Varity / Mayank Kumar Phoolwani will share the available SAP MM and SAP WM candidate profiles.
REQ-2026-04-02-037,2026-04-02,offshorejobs@metaforgeit.com,otter.ai,CLIENT-2026-04-02-037,no-reply@otter.ai,no-reply@otter.ai,Meeting Summary for Urgent Sourcing : ESAG,Open,N/A,Single,High,1,Senior,Not Provided,Not Provided,Not Provided,Not Provided,Not Provided,Not Provided,15 years,of up to 60 days,Not Provided,Not Provided
REQ-2026-04-02-038,2026-04-02,Praveen.Kumar_ext@Ltts.com,LTTS,CLIENT-2026-04-02-038,Trayeetanu.Ganguly@Ltts.com,Trayeetanu.Ganguly@Ltts.com,Requirement – 522748 – S C P – Broadband Testing,Open,N/A,Single,High,1,Mid,Not Provided,INR,Not Provided,Not Provided,Not Provided,Not Provided,5-7 years,Not Provided,Not Provided,"Broadband Testing (Java Javascript Python Selenium Robot Framework) BDD Devops Wifi protocols Experience with test automation frameworks and scripting languages ( e.g Java, Javascript, Python, Selenium, Robot Framework) for automating broadband testing process. DevOps Practices experience where you will provide Full Life cycle Ownership, Comprehensive Solutioning. Observability and Oversight, Process Optimisation, Collaboration and Integration and Operationalisation. Reliability Engineering and Test Coverage Optimisation. Explore strategies for optimizing test coverage, such as risk-based testing, equivalence partitioning, and prioritizing critical paths."
REQ-2026-04-02-039,2026-04-02,offshorejobs@metaforgeit.com,otter.ai,CLIENT-2026-04-02-039,no-reply@otter.ai,no-reply@otter.ai,Prakash Prabhakar shared Urgent Sourcing : ESAG in Otter,Open,N/A,Single,High,1,Not Provided,Not Provided,Not Provided,Not Provided,00,Not Provided,Not Provided,Not Provided,Not Provided,Not Provided,Not Provided
REQ-2026-04-02-040,2026-04-02,sauravmajumder@kpmg.com,Metaforge,CLIENT-2026-04-02-040,harini.s@metaforgeit.com,harini.s@metaforgeit.com,Re: Sailpoint IDN requirement along with MFA experience,Open,N/A,Single,Medium,1,Senior,Contract,INR,37.0 LPA,Not Provided,Not Provided,Not Provided,15.0 years,Vendor,Not Provided,Not Provided
REQ-2026-04-02-041,2026-04-02,sauravmajumder@kpmg.com,Metaforge,CLIENT-2026-04-02-041,harini.s@metaforgeit.com,harini.s@metaforgeit.com,Re: IAM Analyst Requirements,Open,N/A,Single,High,1,Senior,Contract,INR,15.0 LPA,Not Provided,Not Provided,Not Provided,7.0 years,Vendor,Not Provided,Not Provided
REQ-2026-04-02-042,2026-04-02,Kiran.N_ext@Ltts.com,LTTS,CLIENT-2026-04-02-042,Trayeetanu.Ganguly@Ltts.com,Trayeetanu.Ganguly@Ltts.com,TPC- Aero-Materials Engineer-Bangalore,Open,N/A,Single,Medium,1,Mid,Not Provided,Not Provided,Not Provided,Not Provided,Not Provided,Bangalore,6 years,Not Provided,Not Provided,Not Provided
REQ-2026-04-02-043,2026-04-02,offshorejobs@metaforgeit.com,ITC,CLIENT-2026-04-02-043,Recruitment.Team@itcinfotech.com,Recruitment.Team@itcinfotech.com,Request to upload relevant profiles |Solution Architect - CS 61981,Open,N/A,Single,Medium,1,Not Provided,Not Provided,Not Provided,Not Provided,Not Provided,Not Provided,Not Provided,Not Provided,Not Provided,Not Provided,Not Provided
REQ-2026-04-02-044,2026-04-02,Praveen.Kumar_ext@Ltts.com,LTTS,CLIENT-2026-04-02-044,Trayeetanu.Ganguly@Ltts.com,Trayeetanu.Ganguly@Ltts.com,TPC demand- Program Manager - Aerospace Domain,Open,N/A,Single,High,1,Senior,Not Provided,INR,Not Provided,Not Provided,Not Provided,Bangalore,10 years,Not Provided,Not Provided,Technical Program Management experience with in Aerospace HW & SW including the safety critical standards
REQ-2026-04-02-045,2026-04-02,Kiran.N_ext@Ltts.com,LTTS,CLIENT-2026-04-02-045,Trayeetanu.Ganguly@Ltts.com,Trayeetanu.Ganguly@Ltts.com,TPC-Mobility-CAD skills in Creo - Vadodara -immediate joiner only F2F,Open,N/A,Single,High,1,Mid,Not Provided,INR,Not Provided,1,Not Provided,Not Provided,5-7 years,Not Provided,Not Provided,Not Provided
REQ-2026-04-02-046,2026-04-02,offshorejobs@metaforgeit.com,ITC,CLIENT-2026-04-02-046,Recruitment.Team@itcinfotech.com,Recruitment.Team@itcinfotech.com,Request to upload relevant profiles |Microsoft Defender for Endpoint and Proofpoint 60872,Open,N/A,Single,Medium,1,Not Provided,Not Provided,Not Provided,Not Provided,Not Provided,Not Provided,Not Provided,Not Provided,Not Provided,Not Provided,Not Provided
REQ-2026-04-02-047,2026-04-02,sauravmajumder@kpmg.com,Metaforge,CLIENT-2026-04-02-047,harini.s@metaforgeit.com,harini.s@metaforgeit.com,Re: PM requirement - FTS,Open,N/A,Single,High,1,Mid,Contract,INR,28.0 LPA,7767000480,Not Provided,Not Provided,6.4 years,Vendor,Not Provided,Not Provided
REQ-2026-04-02-048,2026-04-02,molishamehra@kpmg.com,Metaforge,CLIENT-2026-04-02-048,pavani.J@metaforgeit.com,pavani.J@metaforgeit.com,"Re: Sub-con | Power BI, Azure Data Engineers, Snowflake, AI Engineer",Open,N/A,Single,Medium,1,Mid,Contract,Not Provided,Not Provided,Not Provided,Not Provided,Not Provided,5.5 years,Vendor,Not Provided,Not Provided
REQ-2026-04-02-049,2026-04-02,Pranati.Paul_ext@Ltts.com,LTTS,CLIENT-2026-04-02-049,Trayeetanu.Ganguly@Ltts.com,Trayeetanu.Ganguly@Ltts.com,Senior Teamcenter Developer,Open,N/A,Single,Medium,1,Mid,Not Provided,Not Provided,Not Provided,Not Provided,Not Provided,Bangalore,6-8 years,Not Provided,Not Provided,Not Provided
REQ-2026-04-02-050,2026-04-02,manikandan.g@itcinfotech.com;rahima.s@metaforgeit.com,Metaforge,CLIENT-2026-04-02-050,saikiran.a@metaforgeit.com,saikiran.a@metaforgeit.com,Fw: ITCI Urgent Replacement SO# 0000245972,Open,N/A,Single,High,1,Not Provided,Contract,Not Provided,22 LPA,Not Provided,Not Provided,Not Provided,Not Provided,Not Provided,Not Provided,Not Provided
REQ-2026-04-01-001,2026-04-01,charlie@metaforgeit.com,LTTS,CLIENT-2026-04-01-001,Kiran.N_ext@Ltts.com,Kiran.N_ext@Ltts.com; Trayeetanu.Ganguly@Ltts.com; rkarnam@metaforgeit.com; saikiran.a@metaforgeit.com; offshorejobs@metaforgeit.com,"RE: TPC-DPS-Kotlin, Java, Android SDK-Mysore-immediate joiners",Open,N/A,Single,High,1,Mid,Full Time,Not Provided,Not Provided,47,Not Provided,Not Provided,3.5 years,is 30 days,Not Provided,Not Provided
REQ-2026-04-01-002,2026-04-01,Kiran.N_ext@Ltts.com,Metaforge,CLIENT-2026-04-01-002,charlie@metaforgeit.com,charlie@metaforgeit.com,"Re: TPC-DPS-Kotlin, Java, Android SDK-Mysore-immediate joiners",Open,N/A,Single,High,1,Mid,Full Time,Not Provided,Not Provided,Not Provided,Not Provided,Not Provided,3.5 years,is 30 days,Not Provided,Not Provided
REQ-2026-04-01-003,2026-04-01,harrini.s@metaforgeit.com,Metaforge,CLIENT-2026-04-01-003,MicrosoftExchange329e71ec88ae4615bbc36ab6ce41109e@metaforgeit.com,MicrosoftExchange329e71ec88ae4615bbc36ab6ce41109e@metaforgeit.com,Undeliverable: Candidate submission — REQ-2026-03-31-002 — Full stack engineer,Open,N/A,Single,Medium,1,Not Provided,Full Time,Not Provided,Not Provided,Not Provided,Hybrid,Not Provided,Not Provided,Not Provided,Not Provided,Not Provided
REQ-2026-04-01-004,2026-04-01,Praveen.Kumar_ext@Ltts.com,Metaforge,CLIENT-2026-04-01-004,charlie@metaforgeit.com,charlie@metaforgeit.com,Re: Requirement – 522787– Applied Materials – Automation Test Engineer,Open,N/A,Single,High,1,Senior,Full Time,Not Provided,Not Provided,Not Provided,Not Provided,Not Provided,8 years,Not Provided,Not Provided,Not Provided
REQ-2026-04-01-005,2026-04-01,offshorejobs@metaforgeit.com,Metaforge,CLIENT-2026-04-01-005,charlie@metaforgeit.com,charlie@metaforgeit.com; Kiran.N_ext@Ltts.com,"Fw: TPC-DPS-Kotlin, Java, Android SDK-Mysore-immediate joiners",Open,N/A,Single,High,1,Senior,Not Provided,Not Provided,Not Provided,5,Not Provided,Not Provided,7 years,Not Provided,Not Provided,Not Provided
REQ-2026-04-01-006,2026-04-01,Prabha.Chavda_ext@Ltts.com,LTTS,CLIENT-2026-04-01-006,Trayeetanu.Ganguly@Ltts.com,Trayeetanu.Ganguly@Ltts.com,"TPC - Requirement - Civil and Structural Sr Engineer , Vadodara , Chennai",Open,N/A,Single,Medium,1,Senior,Not Provided,INR,Not Provided,Not Provided,Not Provided,Not Provided,13 years,Not Provided,Not Provided,Not Provided
REQ-2026-04-01-007,2026-04-01,Pranati.Paul_ext@Ltts.com,LTTS,CLIENT-2026-04-01-007,Trayeetanu.Ganguly@Ltts.com,Trayeetanu.Ganguly@Ltts.com,"Robotics Engineer – ROS (Humanoid, Quadruped & Cobot)",Open,N/A,Single,High,1,Mid,Not Provided,Not Provided,Not Provided,Not Provided,Not Provided,Not Provided,5-8 years,15 Days,Not Provided,Not Provided
REQ-2026-04-01-008,2026-04-01,Prabha.Chavda_ext@Ltts.com,LTTS,CLIENT-2026-04-01-008,Trayeetanu.Ganguly@Ltts.com,Trayeetanu.Ganguly@Ltts.com,"TPC - Requirement - Civil and Structural Jr Engineer , Chennai , Vadodara , Bangalore",Open,N/A,Single,Medium,1,Mid,Not Provided,INR,Not Provided,Not Provided,Not Provided,Not Provided,4-8 years,Not Provided,Not Provided,Not Provided
REQ-2026-04-01-009,2026-04-01,Praveen.Kumar_ext@Ltts.com,Metaforge,CLIENT-2026-04-01-009,charlie@metaforgeit.com,charlie@metaforgeit.com,Re: Requirement – 522787– Applied Materials – Automation Test Engineer,Open,N/A,Single,High,1,Mid,Full Time,Not Provided,Not Provided,Not Provided,Not Provided,Not Provided,5 years,Not Provided,Not Provided,Not Provided
REQ-2026-04-01-010,2026-04-01,Not Provided,ITC,CLIENT-2026-04-01-010,Likhita.Bhattu@itcinfotech.com,Likhita.Bhattu@itcinfotech.com,I3L Invoice Submission Guidelines,Open,N/A,Single,High,1,Not Provided,Not Provided,Not Provided,Not Provided,Not Provided,Not Provided,Not Provided,Not Provided,Not Provided,Not Provided,Not Provided
REQ-2026-04-01-011,2026-04-01,molishamehra@kpmg.com,Metaforge,CLIENT-2026-04-01-011,pavani.J@metaforgeit.com,pavani.J@metaforgeit.com,Re: FTE- Cloud security,Open,N/A,Single,High,1,Mid,Contract,Not Provided,Not Provided,Not Provided,Not Provided,Not Provided,6.0 years,Vendor,Not Provided,Not Provided
REQ-2026-04-01-012,2026-04-01,Pranati.Paul_ext@Ltts.com;Sai.Keerthi_ext@Ltts.com,Metaforge,CLIENT-2026-04-01-012,charlie@metaforgeit.com,charlie@metaforgeit.com,Re: Offshore Buyer – MRO & Spare Parts (Maximo Operations) for Chennai-TPC,Open,N/A,Single,Medium,1,Not Provided,Not Provided,Not Provided,Not Provided,12,Not Provided,Not Provided,Not Provided,Not Provided,Not Provided,Not Provided
REQ-2026-04-01-013,2026-04-01,charlie@metaforgeit.com;Sai.Keerthi_ext@Ltts.com,LTTS,CLIENT-2026-04-01-013,Pranati.Paul_ext@Ltts.com,Pranati.Paul_ext@Ltts.com; rkarnam@metaforgeit.com; offshorejobs@metaforgeit.com; Trayeetanu.Ganguly@Ltts.com,RE: Offshore Buyer – MRO & Spare Parts (Maximo Operations) for Chennai-TPC,Open,N/A,Single,High,1,Mid,Contract,Not Provided,Not Provided,49,Not Provided,Not Provided,5.6 years,Not Provided,Not Provided,Not Provided
REQ-2026-03-31-001,2026-03-31,offshorejobs@metaforgeit.com,jessytechsolutions.com,CLIENT-2026-03-31-001,pradeep.d@jessytechsolutions.com,pradeep.d@jessytechsolutions.com,Re: Deployable Anaplan Resources,Open,N/A,Single,Medium,1,Not Provided,Not Provided,Not Provided,Not Provided,Not Provided,Not Provided,Not Provided,Not Provided,Not Provided,Not Provided,Not Provided
REQ-2026-03-31-002,2026-03-31,Rajeshwari.Negi@itcinfotech.com;sanisetty.divyabhavani@itcinfotech.com,Metaforge,CLIENT-2026-03-31-002,rahima.s@metaforgeit.com,rahima.s@metaforgeit.com; offshorejobs@metaforgeit.com,Oracle EBS Finance Functional Consultant R12,Open,N/A,Single,High,1,Senior,Full Time,INR,9 LPA,55,Not Provided,"Chennai, Hyderabad",7.2 years,CCTC,Not Provided,Oracle EBS Finance Functional Consultant R12 5.0 Years
REQ-2026-03-31-003,2026-03-31,molishamehra@kpmg.com,Metaforge,CLIENT-2026-03-31-003,pavani.J@metaforgeit.com,pavani.J@metaforgeit.com,Re: Sub Con | Anaplan Model Builders and Solution Architects,Open,N/A,Single,High,1,Senior,Contract,Not Provided,Not Provided,Not Provided,Not Provided,Not Provided,10.6 years,Vendor,Not Provided,Not Provided
REQ-2026-03-31-004,2026-03-31,molishamehra@kpmg.com,Metaforge,CLIENT-2026-03-31-004,pavani.J@metaforgeit.com,pavani.J@metaforgeit.com,Re: Anaplan Model Builders and Solution Architects,Open,N/A,Single,Medium,1,Not Provided,Not Provided,Not Provided,Not Provided,Not Provided,Not Provided,Not Provided,Not Provided,Not Provided,Not Provided,Not Provided
REQ-2026-03-31-005,2026-03-31,pavani.J@metaforgeit.com;rparimi@Kpmg.Com;vinutaks@kpmg.com,KPMG,CLIENT-2026-03-31-005,molishamehra@kpmg.com,molishamehra@kpmg.com; kavithaakula@kpmg.com; saikiran.a@metaforgeit.com; rkarnam@metaforgeit.com; offshorejobs@metaforgeit.com,"RE: Sub-con | Power BI, Azure Data Engineers, Snowflake, AI Engineer",Open,N/A,Single,Medium,1,Mid,Contract,Not Provided,Not Provided,Not Provided,Not Provided,Not Provided,4.8 years,Vendor,Not Provided,Not Provided
REQ-2026-03-31-006,2026-03-31,pavani.J@metaforgeit.com;rparimi@Kpmg.Com;vinutaks@kpmg.com,KPMG,CLIENT-2026-03-31-006,molishamehra@kpmg.com,molishamehra@kpmg.com; kavithaakula@kpmg.com; saikiran.a@metaforgeit.com; rkarnam@metaforgeit.com; offshorejobs@metaforgeit.com,"RE: Sub-con | Power BI, Azure Data Engineers, Snowflake, AI Engineer",Open,N/A,Single,High,1,Mid,Contract,Not Provided,Not Provided,Not Provided,Not Provided,Not Provided,4.5 years,Vendor,Not Provided,Not Provided
REQ-2026-03-31-007,2026-03-31,sunil.parte@mindsclik.com;kavitha.m@eslabs.net;tnm.payroll@tnmhr.com;daya@arorian.com;arpitha@keansa.com;sharad.mishra@bangmetric.com;shivali.gupta@bangmetric.com;info@pmd-nowsolutions.com;admin@skanthatechnology.com;hari@necronindia.com;heera@hnssolutions.org;dathree.javvadi@vncservices.in;bharanidharan@dmaicacademy.com;vishakha@trustklub.com;srinivas@volensoftware.com;sfjbs.itc@sfjbs.com;hrops@intelliest.in;venu@mytechglobal.in;giridhar@ivispl.com;karthik@hiyamee.com;haris@mindtelglobal.com;anil.k@stratosphere.co.in;uma@gshrconsulting.com;karthik@srassindia.com;Operations@diTrinity.com;career@shenzyn.com;harish@diatoz.com;mihir.biswas@econsulting.in;abhishek@heronstrategic.com;exe.hr@kanbaninfosystem.com;hrindia@cloudpaths.com;vjain@aaryavinservices.com;GurmeetSingh@hirehubitsolutions.com;deva@avtarcc.com;mamtha.k@triadsquare.com;ameena.razak@talentspectrum.in;sourcing@nishtechnologies.com;accounts@globematics.com;itcinfotech@staffinginellc.com;19C.ITCTeam@itcinfotech.com;stephen.g@livecjobs.com;Shenbagaraj.K@qbrainx.com;madhur@rapscorp.com;hr@talentncs.com;rajkumar.porwal@1218global.com;sanjeev@gtaglobal.in;akansha.saini@apptadinc.com;radhika.b@sureminds.co.in;Naveen.V@dwc.ai;sanket.bhansali@nanostuffs.com;bharathkumar@krgtech.com;itc@krgtech.com;Rithika.S@krgtech.com;Ananda@spartechnologyservices.com;swati.kv@ikrux.com;john.d@renuzatech.com;itc.account@mroads.com;i3l.staffing@merkle.com;govinda.rao@sprandco.com;itcaccount@seintiv.com;pranita.kumari@hirexa.com;jyothi.r@in.experis.com;koushik.reddy@in.experis.com;a.mehra@avdscs.com;yatin.aneja@cloudanalogy.com;hr@digit-gen.com;Ruthras@eonetechnologies.com;sales@kkhmechware.com;payroll@kt-consultings.com;ajay@speetus.com;chitra.mandan@techygeekhub.in;hr@vernasoft.com;saraswati@vizolt.com;bikash.swain@srijanspectrum.com;madhur@grouphrservices.in;Chethan.s@techouts.com;sumeet.dewan@lecansolutions.com;ram@ibridgetechsoft.com;Abhishek.tiwari@kapstag.com;surender.r@jaastechnologies.com;smjuturu@surensinffotek.com;lakshmi.kona@rightworkz.com;ajeeth.s@jigserv.com;itc_account@happytechnovation.com;corp_staff@yahoo.com;richa.tyagi@msitekus.com;shiva@spstaffing.in;services@cadster.in;sheeba@ceolounge.net;recruitment@innovationconsulting.net;sapan.shrivastava@maxotechsolutions.com;anshika@intellisofttech.com;Vibhanshu@4bell.com;LTIteam@easystepin.com;harish@nippondata.com;vm@tyagroup.co.in;Tripti.Pambri@fifthgentechs.com;Chetan@agile-tech.in;mayurie@themerakisventures.com;Harish.Kumar1@protivitiglobal.in;jameel.m@arrayantech.com;venki@denovosoftsol.com;requisitions@zenfinet.com;lokesh@panoramasoftware.in;ram@guardiansinfotech.com;bhavik@digitrixsoft.com;shilpi@srssolutions.co.in;devanshi.gupte@bestowalsystems.com;a.thota@ajacs.in;reena.verma@orcapod.work;pragya@codevyasa.com;reena.goel@net2source.com;sales@asianglobalinfotech.com;Itcinfotech@vnsoft.in;subhasree.N@proitcon.in;gowthami.sp@berenikebion.com;aruna@eleventhdimensionsolutions.com;lakshmi.naresh@hirexa.com;madhav.uppu@manatech.in;aparna.patil@plxworx.com;karan@rapfortech.com;satish.sagi@srithasoft.com;praj@itchamps.com;kuldip.sinngh@templetec.com;sunil.pandey@simplexmlm.com;dharmik.vyas@mlesystems.com;Mridul.sharma@haulplus.in;ashish.a@focusinfotech.com;recruitment@netquo.in;prabahar@iviewsense.com;gritika@skywaves.pro;balaji@venzotechnologies.com;viswa.m@gladinfosystems.com;dsainathan@radiants.com;ITCinfotech@varite.com;subcon@optivaluetek.com;seema@mergenit.com;Operations@kt-consultings.com;prabhat.s@elixenttech.com;surendra.shetty@mercsoftin.com;info@sapinger.com;itc@mechispike.com;tanya.verma@stratum100.com;manohar.anumolu@mafgroup.co.uk;pooja@elementtechnologies.com;sales@linkageit.com;helpdesk@esquareinfo.com;divya@mindviewit.com;swarupa.mukherjee@nexucon.com;amogh@twinpacs.com;daniel@atikatechnologies.com;jahnavi@firstmile.global;Harsha@renuzatech.com;info@ssoitech.com;janaki.v@mlopssol.com;ITCInfotech_Req@ziniosedge.com;nilesh@masycoda.com;manoj.gupta@fourthsignal.com;ajay@fourthsignal.com;Shivani.desai@xpertisolutions.com;sathishkumar.k@lagaramsolutions.com;raj.akkireddy@heits.in;premkumar.viswanathan@appsysglobal.com;kala.vinay@cloudodyssey.co;sbind@venshatechsoft.com;Nitesh.s@geeksoft.eu;naresh.km@ngchr.com;sd@trellisfalcon.com;raghav@cohiresolutions.com;madduri@volkslab.com;sidharth.zutshi@emulus.co;careers@cxberries.com;ankit.s@accely.com;prasun.talukdar@tuteck.com;pulkit@hicglobalsolutions.com;simar@happiehire.com;subroto.chatterjee@tvs-e.in;sreenivas@exafluence.com;hrdesk@exafluence.com;info@aimitra.com;arun@minebrat.com;itcinfotech@asuuki.com;jb@jebitech.com;sales@inputzero.com;careers@flipcarbon.in;offshorejobs@metaforgeit.com;ankita.s@ditechhro.com;poonam.m@thoughtquad.com;laxmi.j@forvandle.com;vatsala@bhavanatech.com;perydot.recruitment@perydot.com;hyma.my@ridik.net;freeda.mary@randstad.in;Dinesh.adiga@itti.com;Divya.bhardwaj@altezzasys.com;itc.infotech@giggslab.com;abhishek@glsgloballanguage.com;info@techforcesystems.com;tripura.k@thinknestsolutions.com;Hr@mjobs4u.in;renu.sharma@gisconsulting.in;info@eminentmultiservices.com;sukhish.puri@nlbtech.com;sales@cltechglobal.com;ankita@cltechglobal.com;dinesh.r@avenirdigital.ai;diwakar.singh@eminentmultiservices.com;adutta@makwiz.com;sudipto@ds-infotech.com;Tushar.Parkhi@techflakesdigital.com;sreekanthk@fixitytech.com;vinod.indireshan@embitel.com;SubhikshaB@dataswitch.co;shyamala.j@embarkgcc.com;meghasetty@acknowledgerfirst.com;Recruitment@redwavesol.com;sautisen@bit2b.co.in;mahesh.r@daplitservices.com;ravi@sumedhastech.com;trupthi.bt@xpheno.com;ritu.sethi@abcconsultants.in;golda.d@saaconsulting.co.in;Nidhi.s@palni.com;rajiv.agarwal@keyvitse.in;monicajettipalle@michaelpage.co.in;sanchali@ermrecruits.com;Sourabh.som@spc-services.net;sibaji.ganguly@gforces.in;global.delivery@ornnova.com;Abhijit.Singh@IN.GT.COM;Rakesh.rathore@adecco.com;Itc@consultingkrew.in;talent@inkitsolutions.com;shailza.khosla@transitials.com;thiru.suresh@willwaretech.com;archana.Hulmani@zietatech.com;naveen.chadha@cloud9power.com;shivangi-r@bestappsbs.com;harshit@xsassociates.com;mitali.sharma@codersbrain.com;jagadish@helixbeat.com;dr.prakash@muoro.com;viros@xzeds.com;prashant.yadav@amrop.in;aiyer@i-qode.com;aniket.g@esolglobal.com;sudha.r@kannanware.com;itcinfotech@techblissdigital.com,ITC,CLIENT-2026-03-31-007,Ramesh.Vemula@itcinfotech.com,Ramesh.Vemula@itcinfotech.com,Discussion on High Priority Requirements-ITC Infotech,Open,N/A,Single,Medium,1,Not Provided,Not Provided,Not Provided,Not Provided,Not Provided,Not Provided,Not Provided,Not Provided,Not Provided,Not Provided,Not Provided
REQ-2026-03-31-008,2026-03-31,Rajeshwari.Negi@itcinfotech.com;sanisetty.divyabhavani@itcinfotech.com,Metaforge,CLIENT-2026-03-31-008,rahima.s@metaforgeit.com,rahima.s@metaforgeit.com,Profiles for Urgent Sourcing : Oracle Positions,Open,N/A,Single,High,1,Senior,Full Time,INR,24 LPA,Not Provided,Not Provided,Not Provided,8.0 years,Current Location,Not Provided,5.0 Years
REQ-2026-03-31-009,2026-03-31,Pranati.Paul_ext@Ltts.com,LTTS,CLIENT-2026-03-31-009,Trayeetanu.Ganguly@Ltts.com,Trayeetanu.Ganguly@Ltts.com,UGNX + Process Planning Engineer for Chennai/Coimbatore,Open,N/A,Single,Medium,1,Mid,Not Provided,Not Provided,Not Provided,Not Provided,Not Provided,"Chennai, Coimbatore",3-5 years,0,Not Provided,UGNX Machining Process planning for processes like Welding Mechanical assy. Integration etc
REQ-2026-03-31-010,2026-03-31,Pranati.Paul_ext@Ltts.com,LTTS,CLIENT-2026-03-31-010,Trayeetanu.Ganguly@Ltts.com,Trayeetanu.Ganguly@Ltts.com,Recall: UGNX + Process Planning Engineer for Chennai/Coimbatore,Open,N/A,Single,Medium,1,Not Provided,Not Provided,Not Provided,Not Provided,Not Provided,Not Provided,Not Provided,Not Provided,Not Provided,Not Provided,Not Provided
REQ-2026-03-31-011,2026-03-31,Pranati.Paul_ext@Ltts.com,LTTS,CLIENT-2026-03-31-011,Trayeetanu.Ganguly@Ltts.com,Trayeetanu.Ganguly@Ltts.com,UGNX + Process Planning Engineer for Chennai/Coimbatore,Open,N/A,Single,Medium,1,Mid,Not Provided,Not Provided,Not Provided,Not Provided,Not Provided,"Chennai, Coimbatore",3-5 years,0,Not Provided,UGNX Machining Process planning for processes like Welding Mechanical assy. Integration etc
REQ-2026-03-31-012,2026-03-31,GangaReddy.Gaddam@ust.com,Metaforge,CLIENT-2026-03-31-012,rahima.s@metaforgeit.com,rahima.s@metaforgeit.com; offshorejobs@metaforgeit.com,Support Required,Open,N/A,Single,High,1,Not Provided,Not Provided,Not Provided,Not Provided,50,Not Provided,Not Provided,Not Provided,Not Provided,Not Provided,Not Provided
REQ-2026-03-31-013,2026-03-31,Praveen.Kumar_ext@Ltts.com,Metaforge,CLIENT-2026-03-31-013,charlie@metaforgeit.com,charlie@metaforgeit.com,Re: Requirement – 522787– Applied Materials – Automation Test Engineer,Open,N/A,Single,High,1,Mid,Full Time,Not Provided,Not Provided,Not Provided,Not Provided,Not Provided,4.0 years,Not Provided,Not Provided,Not Provided
REQ-2026-03-31-014,2026-03-31,pavani.J@metaforgeit.com;rparimi@Kpmg.Com;vinutaks@kpmg.com,KPMG,CLIENT-2026-03-31-014,molishamehra@kpmg.com,molishamehra@kpmg.com; kavithaakula@kpmg.com; saikiran.a@metaforgeit.com; rkarnam@metaforgeit.com; offshorejobs@metaforgeit.com,"RE: Sub-con | Power BI, Azure Data Engineers, Snowflake, AI Engineer",Open,N/A,Single,High,1,Mid,Contract,Not Provided,Not Provided,50,Not Provided,Not Provided,5.3 years,Vendor,Not Provided,Not Provided
REQ-2026-03-31-015,2026-03-31,Pranati.Paul_ext@Ltts.com,LTTS,CLIENT-2026-03-31-015,Trayeetanu.Ganguly@Ltts.com,Trayeetanu.Ganguly@Ltts.com,TPC demands- Hardware and Firmware Engineer for TPC-Bangalore and Mysore,Open,N/A,Bulk,High,6,Mid,Not Provided,INR,Not Provided,Not Provided,Not Provided,"Bangalore, Mysore",4-10 years,Not Provided,Not Provided,"Proficiency on developing Board level protocols, and testing through using oscilloscope, multimeter, function generators etc. Medical HW regulatory experience with knowledge in good documentation practices and processes, IEC 60601-1 3rd edition testing, IEC60601-1-2 EMI/EMC testing, Risk analysis, DFMEA etc"
REQ-2026-03-31-016,2026-03-31,rahima.s@metaforgeit.com,ust.com,CLIENT-2026-03-31-016,GangaReddy.Gaddam@ust.com,GangaReddy.Gaddam@ust.com; offshorejobs@metaforgeit.com,Support Required,Open,N/A,Single,High,1,Not Provided,Not Provided,Not Provided,Not Provided,Not Provided,Not Provided,Not Provided,Not Provided,Not Provided,Not Provided,Not Provided
REQ-2026-03-31-017,2026-03-31,molishamehra@kpmg.com,Metaforge,CLIENT-2026-03-31-017,pavani.J@metaforgeit.com,pavani.J@metaforgeit.com,"Re: Sub-con | Power BI, Azure Data Engineers, Snowflake, AI Engineer",Open,N/A,Single,High,1,Mid,Contract,Not Provided,Not Provided,Not Provided,Not Provided,Not Provided,5.3 years,Vendor,Not Provided,Not Provided
REQ-2026-03-31-018,2026-03-31,GangaReddy.Gaddam@ust.com,Metaforge,CLIENT-2026-03-31-018,rahima.s@metaforgeit.com,rahima.s@metaforgeit.com,Re: Regarding Naushad client round schedule /Critical Position - Support Required,Open,N/A,Single,High,1,Not Provided,Not Provided,Not Provided,Not Provided,Not Provided,Not Provided,Not Provided,Not Provided,Not Provided,Not Provided,Not Provided
REQ-2026-03-31-019,2026-03-31,rkarnam@metaforgeit.com;offshorejobs@metaforgeit.com,LTTS,CLIENT-2026-03-31-019,Trayeetanu.Ganguly@Ltts.com,Trayeetanu.Ganguly@Ltts.com,Requirement – 522787– Applied Materials – Automation Test Engineer,Open,N/A,Single,High,1,Mid,Not Provided,INR,Not Provided,Not Provided,Not Provided,Not Provided,5-7 years,Not Provided,Load testing - mandatory,Automation Testing Playwright load testing load runner. Automation testers only (no manual testing profiles) Strong knowledge in performance and security testing Load testing - mandatory
REQ-2026-03-31-020,2026-03-31,rahima.s@metaforgeit.com,ust.com,CLIENT-2026-03-31-020,GangaReddy.Gaddam@ust.com,GangaReddy.Gaddam@ust.com; offshorejobs@metaforgeit.com,Support Required,Open,N/A,Single,High,1,Not Provided,Not Provided,Not Provided,Not Provided,4,Not Provided,Not Provided,Not Provided,Not Provided,Not Provided,Not Provided
REQ-2026-03-31-021,2026-03-31,rkarnam@metaforgeit.com,Metaforge,CLIENT-2026-03-31-021,pavani.J@metaforgeit.com,pavani.J@metaforgeit.com,Updated Sheet Of KPMG_Feedback,Open,N/A,Single,Medium,1,Not Provided,Not Provided,Not Provided,Not Provided,Not Provided,Not Provided,Not Provided,Not Provided,Not Provided,Not Provided,Not Provided
REQ-2026-03-31-022,2026-03-31,Praveen.Kumar_ext@Ltts.com,LTTS,CLIENT-2026-03-31-022,Trayeetanu.Ganguly@Ltts.com,Trayeetanu.Ganguly@Ltts.com,TPC - Advanced Micro Devices Inc,Open,N/A,Single,Medium,1,Junior,Not Provided,INR,Not Provided,Not Provided,Not Provided,Not Provided,2-5 years,Not Provided,Not Provided,"C C++ Linux Scripting Profiling Linux CLI Python SPEC Expert Python Technologies: Web Development Knowledge: Familiarity with web development concepts and technologies, particularly JavaScript and Node.js, to understand how models are consumed by web applications. API Testing: Deep experience in testing RESTful APIs (beyond basic familiarity). Exposure to Android (performance optimization, debugging, or system-level work) Good understanding of testing methodologies 3D Games and Video/Multimedia testing experience will be an added advantage. Strong programming skills in C and scripting expertise in Python for automation and tool development"
REQ-2026-03-31-023,2026-03-31,offshorejobs@metaforgeit.com,ITC,CLIENT-2026-03-31-023,Recruitment.Team@itcinfotech.com,Recruitment.Team@itcinfotech.com,Request to upload relevant profiles |SAP Technical Developer 61520,Open,N/A,Single,Medium,1,Not Provided,Not Provided,Not Provided,Not Provided,Not Provided,Not Provided,Not Provided,Not Provided,Not Provided,Not Provided,Not Provided
REQ-2026-03-31-024,2026-03-31,offshorejobs@metaforgeit.com,otter.ai,CLIENT-2026-03-31-024,no-reply@otter.ai,no-reply@otter.ai,Meeting Summary for Urgent Sourcing : Oracle Positions,Open,N/A,Single,High,1,Senior,Not Provided,Not Provided,Not Provided,Not Provided,Not Provided,Not Provided,12 years,Not Provided,Not Provided,Not Provided
REQ-2026-03-31-025,2026-03-31,offshorejobs@metaforgeit.com,otter.ai,CLIENT-2026-03-31-025,no-reply@otter.ai,no-reply@otter.ai,Prakash Prabhakar shared Urgent Sourcing : Oracle Positions in Otter,Open,N/A,Single,High,1,Not Provided,Not Provided,Not Provided,Not Provided,Not Provided,Not Provided,Not Provided,Not Provided,Not Provided,Not Provided,Not Provided
REQ-2026-03-31-026,2026-03-31,Preetha.M@itcinfotech.com,Metaforge,CLIENT-2026-03-31-026,rahima.s@metaforgeit.com,rahima.s@metaforgeit.com,Re: Profile for Salesforce Admin-PCIIL_0000244900_1/Immediate Joiner URGENT Salesforce Requirements from ITC Infotech,Open,N/A,Single,High,1,Not Provided,Not Provided,Not Provided,Not Provided,Not Provided,Not Provided,Not Provided,Not Provided,Not Provided,Not Provided,Not Provided
REQ-2026-03-31-027,2026-03-31,molishamehra@kpmg.com,Metaforge,CLIENT-2026-03-31-027,pavani.J@metaforgeit.com,pavani.J@metaforgeit.com,"Re: Sub-con | Power BI, Azure Data Engineers, Snowflake, AI Engineer",Open,N/A,Single,High,1,Mid,Contract,Not Provided,Not Provided,Not Provided,Not Provided,Not Provided,4.5 years,Vendor,Not Provided,Not Provided
REQ-2026-03-31-028,2026-03-31,offshorejobs@metaforgeit.com,Metaforge,CLIENT-2026-03-31-028,harini.s@metaforgeit.com,harini.s@metaforgeit.com; vinutaks@kpmg.com; rparimi@Kpmg.Com; kavithaakula@kpmg.com,Fw: FTE- Cloud security,Open,N/A,Single,High,1,Senior,Full Time,Not Provided,Not Provided,Not Provided,Not Provided,Not Provided,7-8 years,Not Provided,Not Provided,Person must have both technical (DevOps Cloud) and assurance audit (for recoverability disaster recovery etc. ) understanding
REQ-2026-03-31-029,2026-03-31,offshorejobs@metaforgeit.com,Metaforge,CLIENT-2026-03-31-029,harini.s@metaforgeit.com,harini.s@metaforgeit.com; kavithaakula@kpmg.com,Fw: Sub Con | Anaplan Model Builders and Solution Architects,Open,N/A,Single,High,1,Senior,Not Provided,Not Provided,Not Provided,Not Provided,Hybrid,Bangalore,7-10 years,Not Provided,Not Provided,Not Provided
REQ-2026-03-31-030,2026-03-31,molishamehra@kpmg.com,Metaforge,CLIENT-2026-03-31-030,pavani.J@metaforgeit.com,pavani.J@metaforgeit.com,"Re: Sub-con | Power BI, Azure Data Engineers, Snowflake, AI Engineer",Open,N/A,Single,Medium,1,Mid,Contract,Not Provided,Not Provided,Not Provided,Not Provided,Not Provided,4.8 years,Vendor,Not Provided,Not Provided
REQ-2026-03-30-001,2026-03-30,offshorejobs@metaforgeit.com,Metaforge,CLIENT-2026-03-30-001,rkarnam@metaforgeit.com,rkarnam@metaforgeit.com; kavithaakula@kpmg.com; rparimi@Kpmg.Com,Fw: Subcon- C2H Data Scientist,Open,N/A,Single,High,1,Senior,Contract,Not Provided,Not Provided,Not Provided,Hybrid,Bangalore,10 years,Not Provided,Not Provided,Not Provided
REQ-2026-03-30-002,2026-03-30,Prakash.R@itcinfotech.com,Metaforge,CLIENT-2026-03-30-002,rahima.s@metaforgeit.com,rahima.s@metaforgeit.com,RE: Sourcing,Open,N/A,Single,Medium,1,Not Provided,Not Provided,Not Provided,Not Provided,Not Provided,Not Provided,Not Provided,Not Provided,Not Provided,Not Provided,Not Provided
REQ-2026-03-30-003,2026-03-30,offshorejobs@metaforgeit.com,Metaforge,CLIENT-2026-03-30-003,saikiran.a@metaforgeit.com,saikiran.a@metaforgeit.com,Fw: Template to be used,Open,N/A,Single,Medium,1,Not Provided,Not Provided,Not Provided,Not Provided,Not Provided,Not Provided,Not Provided,Not Provided,Not Provided,Not Provided,Not Provided
REQ-2026-03-30-004,2026-03-30,jeet@metaforgeit.com,Metaforge,CLIENT-2026-03-30-004,charlie@metaforgeit.com,charlie@metaforgeit.com,Profile for Sr Domestic Recruiter (In House),Open,N/A,Single,Medium,1,Not Provided,Not Provided,Not Provided,Not Provided,Not Provided,Not Provided,Not Provided,Not Provided,Not Provided,Not Provided,Not Provided
REQ-2026-03-30-005,2026-03-30,pavani.J@metaforgeit.com,KPMG,CLIENT-2026-03-30-005,rparimi@Kpmg.Com,rparimi@Kpmg.Com,Recall: Candidates availability for the interview.,Open,N/A,Single,Medium,1,Not Provided,Not Provided,Not Provided,Not Provided,Not Provided,Not Provided,Not Provided,Not Provided,Not Provided,Not Provided,Not Provided
REQ-2026-03-30-006,2026-03-30,rparimi@Kpmg.Com;pavani.J@metaforgeit.com,KPMG,CLIENT-2026-03-30-006,molishamehra@kpmg.com,molishamehra@kpmg.com; rkarnam@metaforgeit.com; kavithaakula@kpmg.com; offshorejobs@metaforgeit.com; saikiran.a@metaforgeit.com; vinutaks@kpmg.com,Financial SMEs – Statutory Accounting & Record-to-Report,Open,N/A,Single,Medium,1,Not Provided,Not Provided,Not Provided,Not Provided,26,Not Provided,Not Provided,Not Provided,Not Provided,Not Provided,Not Provided
REQ-2026-03-30-007,2026-03-30,rahima.s@metaforgeit.com,ust.com,CLIENT-2026-03-30-007,GangaReddy.Gaddam@ust.com,GangaReddy.Gaddam@ust.com; offshorejobs@metaforgeit.com,Support Required,Open,N/A,Single,High,1,Not Provided,Not Provided,Not Provided,Not Provided,Not Provided,Not Provided,Not Provided,Not Provided,Not Provided,Not Provided,Not Provided
REQ-2026-03-30-008,2026-03-30,pavani.J@metaforgeit.com,KPMG,CLIENT-2026-03-30-008,rparimi@Kpmg.Com,rparimi@Kpmg.Com; rkarnam@metaforgeit.com; kavithaakula@kpmg.com; offshorejobs@metaforgeit.com; saikiran.a@metaforgeit.com,Financial SMEs – Statutory Accounting & Record-to-Report,Open,N/A,Single,Medium,1,Not Provided,Not Provided,Not Provided,Not Provided,22,Not Provided,Not Provided,Not Provided,Not Provided,Not Provided,Not Provided
REQ-2026-03-30-009,2026-03-30,offshorejobs@metaforgeit.com,Metaforge,CLIENT-2026-03-30-009,rahima.s@metaforgeit.com,rahima.s@metaforgeit.com; Vinisha.Poojari@itcinfotech.com; Sushma.K@itcinfotech.com,FW: Sourcing,Open,N/A,Single,High,1,Mid,Full Time,Not Provided,Not Provided,53,Not Provided,Not Provided,3-5 years,Not Provided,Not Provided,Not Provided
REQ-2026-03-30-010,2026-03-30,Not Provided,ITC,CLIENT-2026-03-30-010,Prakash.R@itcinfotech.com,Prakash.R@itcinfotech.com,RE: Sourcing,Open,N/A,Single,High,1,Mid,Not Provided,Not Provided,Not Provided,Not Provided,Not Provided,Not Provided,3-5 years,Not Provided,Not Provided,Not Provided
REQ-2026-03-30-011,2026-03-30,Praveen.Kumar_ext@Ltts.com,Metaforge,CLIENT-2026-03-30-011,charlie@metaforgeit.com,charlie@metaforgeit.com,Re: Embedded demands,Open,N/A,Single,Medium,1,Mid,Full Time,Not Provided,Not Provided,Not Provided,Not Provided,Not Provided,6.5 years,Not Provided,Not Provided,Not Provided
REQ-2026-03-30-012,2026-03-30,GangaReddy.Gaddam@ust.com,Metaforge,CLIENT-2026-03-30-012,rahima.s@metaforgeit.com,rahima.s@metaforgeit.com,RE: Regarding Naushad client round schedule /Critical Position - Support Required,Open,N/A,Single,High,1,Not Provided,Not Provided,Not Provided,Not Provided,Not Provided,Not Provided,Not Provided,Not Provided,Not Provided,Not Provided,Not Provided
REQ-2026-03-30-013,2026-03-30,pavani.J@metaforgeit.com;rparimi@Kpmg.Com,KPMG,CLIENT-2026-03-30-013,molishamehra@kpmg.com,molishamehra@kpmg.com; rkarnam@metaforgeit.com; kavithaakula@kpmg.com; offshorejobs@metaforgeit.com; saikiran.a@metaforgeit.com,Financial SMEs – Statutory Accounting & Record-to-Report,Open,N/A,Single,Medium,1,Not Provided,Not Provided,Not Provided,Not Provided,20,Not Provided,Not Provided,Not Provided,Not Provided,Not Provided,Not Provided
REQ-2026-03-30-014,2026-03-30,molishamehra@kpmg.com,Metaforge,CLIENT-2026-03-30-014,pavani.J@metaforgeit.com,pavani.J@metaforgeit.com,Financial SMEs – Statutory Accounting & Record-to-Report,Open,N/A,Single,Medium,1,Not Provided,Not Provided,Not Provided,Not Provided,Not Provided,Not Provided,Not Provided,Not Provided,Not Provided,Not Provided,Not Provided
REQ-2026-03-30-015,2026-03-30,offshorejobs@metaforgeit.com,Metaforge,CLIENT-2026-03-30-015,rahima.s@metaforgeit.com,rahima.s@metaforgeit.com; Vinisha.Poojari@itcinfotech.com; Sushma.K@itcinfotech.com,FW: Sourcing,Open,N/A,Single,Medium,1,Not Provided,Full Time,Not Provided,15 LPA,26,Not Provided,Not Provided,Not Provided,Not Provided,Not Provided,Not Provided
REQ-2026-03-30-016,2026-03-30,Not Provided,ITC,CLIENT-2026-03-30-016,Prakash.R@itcinfotech.com,Prakash.R@itcinfotech.com,Sourcing,Open,N/A,Single,Medium,1,Not Provided,Not Provided,Not Provided,15 LPA,Not Provided,Not Provided,Not Provided,Not Provided,Not Provided,Not Provided,Not Provided
REQ-2026-03-30-017,2026-03-30,harini.s@metaforgeit.com,Metaforge,CLIENT-2026-03-30-017,rahima.s@metaforgeit.com,rahima.s@metaforgeit.com; kavithaakula@kpmg.com; rkarnam@metaforgeit.com; offshorejobs@metaforgeit.com; saikiran.a@metaforgeit.com,RE: Project Delivery Manager - (Sub-Con) Only,Open,N/A,Single,Medium,1,Not Provided,Not Provided,Not Provided,Not Provided,42,Not Provided,Not Provided,Not Provided,Not Provided,Not Provided,Not Provided
REQ-2026-03-30-018,2026-03-30,recruitment.application@metaforgeit.com,microsoft.com,CLIENT-2026-03-30-018,o365mc@microsoft.com,o365mc@microsoft.com,Weekly digest: Microsoft service updates,Open,N/A,Single,High,1,Not Provided,Not Provided,Not Provided,Not Provided,Not Provided,Not Provided,"Fi Network, Fi Or Peripherals, Improving Coordination. This Opt-In Feature Rolls Out Worldwide From May To Late May 2026, Requires Admin Configuration",Not Provided,Not Provided,Not Provided,Not Provided
REQ-2026-03-30-019,2026-03-30,divya.grover@itcinfotech.com,Metaforge,CLIENT-2026-03-30-019,rahima.s@metaforgeit.com,rahima.s@metaforgeit.com; thirumal.govindan@itcinfotech.com; divya.grover@itcinfotech.com; offshorejobs@metaforgeit.com,FW: Urgent Sourcing : GO Project-Profile for SAP MM/Immediate joiners,Open,N/A,Single,High,1,Senior,Not Provided,INR,26 LPA,08,Not Provided,Not Provided,16 years,Current Location,Not Provided,Not Provided
REQ-2026-03-30-020,2026-03-30,divya.grover@itcinfotech.com,Metaforge,CLIENT-2026-03-30-020,rahima.s@metaforgeit.com,rahima.s@metaforgeit.com,FW: Profiles |Immediate joiners for - Urgent and critical requirement- SAP ABAP Consultant,Open,N/A,Single,High,1,Mid,Not Provided,INR,15.13 LPA,Not Provided,Not Provided,2,6 years,Current Location,Not Provided,Not Provided
REQ-2026-03-30-021,2026-03-30,offshorejobs@metaforgeit.com,ITC,CLIENT-2026-03-30-021,Recruitment.Team@itcinfotech.com,Recruitment.Team@itcinfotech.com,Request to upload relevant profiles |SAP Functional Developer 60909,Open,N/A,Single,Medium,1,Not Provided,Not Provided,Not Provided,Not Provided,Not Provided,Not Provided,Not Provided,Not Provided,Not Provided,Not Provided,Not Provided
REQ-2026-03-30-022,2026-03-30,Vivekananda.KV@itcinfotech.com,Metaforge,CLIENT-2026-03-30-022,rahima.s@metaforgeit.com,rahima.s@metaforgeit.com; Prakruthi.S@itcinfotech.com; offshorejobs@metaforgeit.com,"RE: Critical Requirement OTP - IT Controlling + SAP CO/PS, BW/BI, Power BI/Excel, Jira/Confluence - Immediate joiner",Open,N/A,Single,High,1,Not Provided,Not Provided,Not Provided,Not Provided,Not Provided,Not Provided,Not Provided,Not Provided,Not Provided,Not Provided,Not Provided
REQ-2026-03-30-023,2026-03-30,offshorejobs@metaforgeit.com,otter.ai,CLIENT-2026-03-30-023,no-reply@otter.ai,no-reply@otter.ai,Prakash Prabhakar shared Urgent Sourcing : Oracle Positions in Otter,Open,N/A,Single,High,1,Not Provided,Not Provided,Not Provided,Not Provided,Not Provided,Not Provided,Not Provided,Not Provided,Not Provided,Not Provided,Not Provided
REQ-2026-03-30-024,2026-03-30,rahima.s@metaforgeit.com,ITC,CLIENT-2026-03-30-024,Vivekananda.KV@itcinfotech.com,Vivekananda.KV@itcinfotech.com; Prakruthi.S@itcinfotech.com; offshorejobs@metaforgeit.com,"RE: Critical Requirement OTP - IT Controlling + SAP CO/PS, BW/BI, Power BI/Excel, Jira/Confluence - Immediate joiner",Open,N/A,Single,High,1,Not Provided,Not Provided,Not Provided,Not Provided,Not Provided,Not Provided,Not Provided,Not Provided,Not Provided,Not Provided,Not Provided
REQ-2026-03-30-025,2026-03-30,offshorejobs@metaforgeit.com,ITC,CLIENT-2026-03-30-025,Recruitment.Team@itcinfotech.com,Recruitment.Team@itcinfotech.com,Request to upload relevant profiles |Developer Others 61435,Open,N/A,Single,Medium,1,Not Provided,Not Provided,Not Provided,Not Provided,Not Provided,Not Provided,Not Provided,Not Provided,Not Provided,Not Provided,Not Provided
REQ-2026-03-30-026,2026-03-30,Vivekananda.KV@itcinfotech.com,Metaforge,CLIENT-2026-03-30-026,rahima.s@metaforgeit.com,rahima.s@metaforgeit.com,"RE: Critical Requirement OTP - IT Controlling + SAP CO/PS, BW/BI, Power BI/Excel, Jira/Confluence - Immediate joiner",Open,N/A,Single,High,1,Not Provided,Not Provided,Not Provided,Not Provided,Not Provided,Not Provided,Not Provided,Not Provided,Not Provided,Not Provided,Not Provided
REQ-2026-03-30-027,2026-03-30,Not Provided,ITC,CLIENT-2026-03-30-027,Vivekananda.KV@itcinfotech.com,Vivekananda.KV@itcinfotech.com; Prakruthi.S@itcinfotech.com,RE: Critical Requirement OTP - IT Controlling + SAP CO - Immediate joiner,Open,N/A,Single,High,1,Mid,Not Provided,Not Provided,Not Provided,Not Provided,Not Provided,Not Provided,4-8 years,Not Provided,Not Provided,Not Provided
REQ-2026-03-30-028,2026-03-30,Preetha.M@itcinfotech.com,Metaforge,CLIENT-2026-03-30-028,rahima.s@metaforgeit.com,rahima.s@metaforgeit.com,Re: Profile for Salesforce Admin-PCIIL_0000244900_1/Immediate Joiner URGENT Salesforce Requirements from ITC Infotech,Open,N/A,Single,High,1,Not Provided,Not Provided,Not Provided,Not Provided,Not Provided,Not Provided,Not Provided,Not Provided,Not Provided,Not Provided,Not Provided
REQ-2026-03-30-029,2026-03-30,offshorejobs@metaforgeit.com,Metaforge,CLIENT-2026-03-30-029,rahima.s@metaforgeit.com,rahima.s@metaforgeit.com; Prakruthi.S@itcinfotech.com,"FW: Critical Requirement OTP - IT Controlling + SAP CO/PS, BW/BI, Power BI/Excel, Jira/Confluence - Immediate joiner",Open,N/A,Single,High,1,Mid,Full Time,Not Provided,Not Provided,19,Not Provided,Not Provided,4-8 years,Not Provided,Not Provided,Not Provided
REQ-2026-03-29-001,2026-03-29,Not Provided,ITC,CLIENT-2026-03-29-001,Vivekananda.KV@itcinfotech.com,Vivekananda.KV@itcinfotech.com; Prakruthi.S@itcinfotech.com,"Critical Requirement OTP - IT Controlling + SAP CO/PS, BW/BI, Power BI/Excel, Jira/Confluence - Immediate joiner",Open,N/A,Single,High,1,Mid,Not Provided,Not Provided,Not Provided,Not Provided,Not Provided,Not Provided,4-8 years,Not Provided,Not Provided,Not Provided
REQ-2026-03-29-002,2026-03-29,charlie@metaforgeit.com,LTTS,CLIENT-2026-03-29-002,Kiran.N_ext@Ltts.com,Kiran.N_ext@Ltts.com; Trayeetanu.Ganguly@Ltts.com; offshorejobs@metaforgeit.com,"RE: TPC- Mobility- Multiple position Pune to Pune Only F2F- Android (AOSP/AAOS) in JAVA/Kotlin,Android HMI SW development for building system and user apps",Open,N/A,Single,High,1,Senior,Full Time,Not Provided,Not Provided,17,Not Provided,Not Provided,8.5 years,Not Provided,Not Provided,Not Provided
REQ-2026-03-28-001,2026-03-28,sauravmajumder@kpmg.com,Metaforge,CLIENT-2026-03-28-001,harini.s@metaforgeit.com,harini.s@metaforgeit.com,Re: AM Analyst Requirements,Open,N/A,Single,Medium,1,Mid,Contract,INR,6.5 LPA,Not Provided,Not Provided,Not Provided,5.11 years,Vendor,Not Provided,Not Provided
REQ-2026-03-28-002,2026-03-28,Not Provided,ITC,CLIENT-2026-03-28-002,Vivekananda.KV@itcinfotech.com,Vivekananda.KV@itcinfotech.com,"Critical Requirement OTP - IT Controlling + SAP CO/PS, BW/BI, Power BI/Excel, Jira/Confluence - Immediate joiner",Open,N/A,Single,High,1,Mid,Contract,Not Provided,Not Provided,Not Provided,Not Provided,Not Provided,4-8 years,Not Provided,Not Provided,Not Provided
REQ-2026-03-28-003,2026-03-28,offshorejobs@metaforgeit.com,Read AI,CLIENT-2026-03-28-003,executiveassistant@e.read.ai,executiveassistant@e.read.ai,"🗓 Urgent Sourcing : Microsoft D365 F&O on March 28, 2026 | Read Meeting Report",Open,N/A,Single,High,1,Not Provided,Contract,Not Provided,Not Provided,Not Provided,Not Provided,Not Provided,Not Provided,Not Provided,Not Provided,Not Provided
REQ-2026-03-28-004,2026-03-28,helpdesk@esquareinfo.com,fireflies.ai,CLIENT-2026-03-28-004,fred@fireflies.ai,fred@fireflies.ai,Your meeting recap - Urgent Sourcing : Microsoft D365 F&O,Open,N/A,Single,High,1,Senior,Not Provided,INR,45 LPA,Not Provided,On-site,Not Provided,10+ years,Not Provided,Not Provided,Not Provided
REQ-2026-03-28-005,2026-03-28,offshorejobs@metaforgeit.com,otter.ai,CLIENT-2026-03-28-005,no-reply@otter.ai,no-reply@otter.ai,Meeting Summary for Urgent Sourcing : Microsoft D365 F&O,Open,N/A,Single,High,1,Senior,Full Time,Not Provided,Not Provided,Not Provided,Not Provided,Not Provided,12-15 years,Not Provided,Not Provided,Not Provided
REQ-2026-03-28-006,2026-03-28,offshorejobs@metaforgeit.com,Read AI,CLIENT-2026-03-28-006,executiveassistant@e.read.ai,executiveassistant@e.read.ai,"🗓 Critical positions to be addressed today on March 28, 2026 | Read Meeting Report",Open,N/A,Single,High,1,Not Provided,Contract,Not Provided,Not Provided,Not Provided,Not Provided,Not Provided,Not Provided,Not Provided,Not Provided,"The primary objective is to close multiple senior SAP implementation roles immediately, focusing on SD, ABAP, MM, an ABAP-background project manager, and IBP architect. Team will source and submit quality SAP SD, ABAP, MM, IBP, and FICO candidate resumes today per Thirumal’s experience and compensation criteria"
REQ-2026-03-28-007,2026-03-28,offshorejobs@metaforgeit.com,otter.ai,CLIENT-2026-03-28-007,no-reply@otter.ai,no-reply@otter.ai,Prakash Prabhakar shared Urgent Sourcing : Microsoft D365 F&O in Otter,Open,N/A,Single,High,1,Not Provided,Not Provided,Not Provided,Not Provided,Not Provided,Not Provided,Not Provided,Not Provided,Not Provided,Not Provided,Not Provided
REQ-2026-03-28-008,2026-03-28,viswa.m@gladinfosystems.com,fireflies.ai,CLIENT-2026-03-28-008,fred@fireflies.ai,fred@fireflies.ai,Your meeting recap - Critical positions to be addressed today,Open,N/A,Single,High,1,Not Provided,Not Provided,Not Provided,Not Provided,Not Provided,Not Provided,Not Provided,Not Provided,Not Provided,Not Provided,Not Provided
REQ-2026-03-28-009,2026-03-28,sunil.parte@mindsclik.com;kavitha.m@eslabs.net;tnm.payroll@tnmhr.com;hari@necronindia.com;heera@hnssolutions.org;dathree.javvadi@vncservices.in;bharanidharan@dmaicacademy.com;vishakha@trustklub.com;srinivas@volensoftware.com;sfjbs.itc@sfjbs.com;hrops@intelliest.in;venu@mytechglobal.in;giridhar@ivispl.com;karthik@hiyamee.com;haris@mindtelglobal.com;anil.k@stratosphere.co.in;uma@gshrconsulting.com;karthik@srassindia.com;career@shenzyn.com;mihir.biswas@econsulting.in;abhishek@heronstrategic.com;exe.hr@kanbaninfosystem.com;GurmeetSingh@hirehubitsolutions.com;mamtha.k@triadsquare.com;ameena.razak@talentspectrum.in;sourcing@nishtechnologies.com;ragav@livecjobs.com;stephen.g@livecjobs.com;madhur@rapscorp.com;hr@talentncs.com;akansha.saini@apptadinc.com;radhika.b@sureminds.co.in;bharathkumar@krgtech.com;itc@krgtech.com;Rithika.S@krgtech.com;Ananda@spartechnologyservices.com;swati.kv@ikrux.com;itc.account@mroads.com;itcaccount@seintiv.com;pranita.kumari@hirexa.com;jyothi.r@in.experis.com;koushik.reddy@in.experis.com;hr@vernasoft.com;madhur@grouphrservices.in;Chethan.s@techouts.com;sumeet.dewan@lecansolutions.com;ram@ibridgetechsoft.com;Abhishek.tiwari@kapstag.com;surender.r@jaastechnologies.com;smjuturu@surensinffotek.com;lakshmi.kona@rightworkz.com;ajeeth.s@jigserv.com;itc_account@happytechnovation.com;shiva@spstaffing.in;recruitment@innovationconsulting.net;sapan.shrivastava@maxotechsolutions.com;anshika@intellisofttech.com;Vibhanshu@4bell.com;harish@nippondata.com;vm@tyagroup.co.in;Tripti.Pambri@fifthgentechs.com;Chetan@agile-tech.in;mayurie@themerakisventures.com;jameel.m@arrayantech.com;venki@denovosoftsol.com;requisitions@zenfinet.com;lokesh@panoramasoftware.in;ram@guardiansinfotech.com;bhavik@digitrixsoft.com;shilpi@srssolutions.co.in;devanshi.gupte@bestowalsystems.com;a.thota@ajacs.in;reena.verma@orcapod.work;reena.goel@net2source.com;sales@asianglobalinfotech.com;Itcinfotech@vnsoft.in;nsp.karthik@keirinsofttech.com;subhasree.N@proitcon.in;gowthami.sp@berenikebion.com;kuldip.sinngh@templetec.com;Mridul.sharma@haulplus.in;ashish.a@focusinfotech.com;recruitment@netquo.in;prabahar@iviewsense.com;gritika@skywaves.pro;viswa.m@gladinfosystems.com;dsainathan@radiants.com;ITCinfotech@varite.com;subcon@optivaluetek.com;seema@mergenit.com;Operations@kt-consultings.com;info@sapinger.com;itc@mechispike.com;pooja@elementtechnologies.com;helpdesk@esquareinfo.com;swarupa.mukherjee@nexucon.com;amogh@twinpacs.com;daniel@atikatechnologies.com;jahnavi@firstmile.global;Harsha@renuzatech.com;john.d@renuzatech.com;info@ssoitech.com;janaki.v@mlopssol.com;ITCInfotech_Req@ziniosedge.com;surendra.shetty@mercsoftin.com;sathishkumar.k@lagaramsolutions.com;raj.akkireddy@heits.in;sbind@venshatechsoft.com;Nitesh.s@geeksoft.eu;naresh.km@ngchr.com;madduri@volkslab.com;ranjit@asian-technology.com;sidharth.zutshi@emulus.co;prasun.talukdar@tuteck.com;simar@happiehire.com;sreenivas@exafluence.com;hrdesk@exafluence.com;info@aimitra.com;itcinfotech@asuuki.com;careers@flipcarbon.in;offshorejobs@metaforgeit.com;ankita.s@ditechhro.com;poonam.m@thoughtquad.com;perydot.recruitment@perydot.com;hyma.my@ridik.net;freeda.mary@randstad.in;Divya.bhardwaj@altezzasys.com;abhishek@glsgloballanguage.com;info@techforcesystems.com;tripura.k@thinknestsolutions.com;info@eminentmultiservices.com;sukhish.puri@nlbtech.com;sales@cltechglobal.com;ankita@cltechglobal.com;diwakar.singh@eminentmultiservices.com;adutta@makwiz.com;sudipto@ds-infotech.com;sreekanthk@fixitytech.com;shyamala.j@embarkgcc.com;meghasetty@acknowledgerfirst.com;Recruitment@redwavesol.com;sautisen@bit2b.co.in;mahesh.r@daplitservices.com;ravi@sumedhastech.com;trupthi.bt@xpheno.com;golda.d@saaconsulting.co.in;Nidhi.s@palni.com;monicajettipalle@michaelpage.co.in;sanchali@ermrecruits.com;Sourabh.som@spc-services.net;sibaji.ganguly@gforces.in;global.delivery@ornnova.com;Rakesh.rathore@adecco.com;talent@inkitsolutions.com;thiru.suresh@willwaretech.com;archana.Hulmani@zietatech.com;naveen.chadha@cloud9power.com;mitali.sharma@codersbrain.com;jagadish@helixbeat.com;dr.prakash@muoro.com;viros@xzeds.com;aiyer@i-qode.com;aniket.g@esolglobal.com;sudha.r@kannanware.com;itcinfotech@techblissdigital.com,ITC,CLIENT-2026-03-28-009,Thirumal.Govindan@itcinfotech.com,Thirumal.Govindan@itcinfotech.com,Critical positions to be addressed today,Open,N/A,Single,High,1,Not Provided,Not Provided,Not Provided,Not Provided,Not Provided,Not Provided,Not Provided,Not Provided,Not Provided,Not Provided,Not Provided
REQ-2026-03-27-001,2026-03-27,offshorejobs@metaforgeit.com;pavani.J@metaforgeit.com;saikiran.a@metaforgeit.com,KPMG,CLIENT-2026-03-27-001,rparimi@Kpmg.Com,rparimi@Kpmg.Com,GCP DE - Feedback,Open,N/A,Single,Medium,1,Not Provided,Not Provided,Not Provided,Not Provided,Not Provided,Not Provided,Not Provided,Not Provided,Not Provided,Not Provided,Not Provided
REQ-2026-03-27-002,2026-03-27,Sudan.Bhovi@itcinfotech.com,Metaforge,CLIENT-2026-03-27-002,rahima.s@metaforgeit.com,rahima.s@metaforgeit.com,Regarding JD for open demands cybersecurity roles,Open,N/A,Single,Medium,1,Not Provided,Not Provided,Not Provided,Not Provided,Not Provided,Not Provided,Not Provided,Not Provided,Not Provided,Not Provided,Not Provided
REQ-2026-03-27-003,2026-03-27,rahima.s@metaforgeit.com,ITC,CLIENT-2026-03-27-003,Vivekananda.KV@itcinfotech.com,Vivekananda.KV@itcinfotech.com; Ponaganti.Kumar@itcinfotech.com; offshorejobs@metaforgeit.com,RE: Critical Requirement OTP - Java Developer+MuleSoft - Immediate joiner,Open,N/A,Single,High,1,Not Provided,Full Time,Not Provided,Not Provided,Not Provided,Not Provided,Not Provided,Not Provided,Not Provided,Not Provided,Not Provided
REQ-2026-03-27-004,2026-03-27,Pranati.Paul_ext@Ltts.com,Metaforge,CLIENT-2026-03-27-004,charlie@metaforgeit.com,charlie@metaforgeit.com,Re: Offshore Buyer – MRO & Spare Parts (Maximo Operations) for Chennai-TPC,Open,N/A,Single,High,1,Senior,Full Time,Not Provided,Not Provided,Not Provided,Not Provided,Not Provided,12 years,Not Provided,Not Provided,Not Provided
REQ-2026-03-27-005,2026-03-27,Vivekananda.KV@itcinfotech.com,Metaforge,CLIENT-2026-03-27-005,rahima.s@metaforgeit.com,rahima.s@metaforgeit.com,RE: Critical Requirement OTP - Java Developer+MuleSoft - Immediate joiner,Open,N/A,Single,High,1,Not Provided,Not Provided,Not Provided,Not Provided,Not Provided,Not Provided,Not Provided,Not Provided,Not Provided,Not Provided,Not Provided
REQ-2026-03-27-006,2026-03-27,Kiran.N_ext@Ltts.com,Metaforge,CLIENT-2026-03-27-006,charlie@metaforgeit.com,charlie@metaforgeit.com,"Re: TPC- Mobility- Multiple position Pune to Pune Only F2F- Android (AOSP/AAOS) in JAVA/Kotlin,Android HMI SW development for building system and user apps",Open,N/A,Single,High,1,Senior,Full Time,Not Provided,Not Provided,Not Provided,Not Provided,Not Provided,8.5 years,Not Provided,Not Provided,Not Provided
REQ-2026-03-27-007,2026-03-27,offshorejobs@metaforgeit.com;pavani.J@metaforgeit.com;saikiran.a@metaforgeit.com,KPMG,CLIENT-2026-03-27-007,rparimi@Kpmg.Com,rparimi@Kpmg.Com,Snowflake DE - Feedback,Open,N/A,Single,Medium,1,Not Provided,Not Provided,Not Provided,Not Provided,Not Provided,Not Provided,Not Provided,Not Provided,Not Provided,Not Provided,Not Provided
REQ-2026-03-27-008,2026-03-27,offshorejobs@metaforgeit.com;pavani.J@metaforgeit.com;saikiran.a@metaforgeit.com,KPMG,CLIENT-2026-03-27-008,rparimi@Kpmg.Com,rparimi@Kpmg.Com,Azure DE - Feedback,Open,N/A,Single,Medium,1,Not Provided,Not Provided,Not Provided,Not Provided,Not Provided,Not Provided,Not Provided,Not Provided,Not Provided,Not Provided,Not Provided
REQ-2026-03-27-009,2026-03-27,Not Provided,ITC,CLIENT-2026-03-27-009,Vivekananda.KV@itcinfotech.com,Vivekananda.KV@itcinfotech.com; Ponaganti.Kumar@itcinfotech.com,RE: Critical Requirement OTP - Java Developer+MuleSoft - Immediate joiner,Open,N/A,Single,High,1,Not Provided,Contract,Not Provided,Not Provided,Not Provided,Not Provided,Not Provided,Not Provided,Not Provided,Not Provided,Not Provided
REQ-2026-03-27-010,2026-03-27,saikiran.a@metaforgeit.com;offshorejobs@metaforgeit.com;pavani.J@metaforgeit.com,KPMG,CLIENT-2026-03-27-010,rparimi@Kpmg.Com,rparimi@Kpmg.Com,Feedback,Open,N/A,Single,Medium,1,Not Provided,Not Provided,Not Provided,Not Provided,Not Provided,Not Provided,Not Provided,Not Provided,Not Provided,Not Provided,Not Provided
REQ-2026-03-27-011,2026-03-27,sauravmajumder@kpmg.com;saikiran.a@metaforgeit.com;pavani.J@metaforgeit.com,KPMG,CLIENT-2026-03-27-011,molishamehra@kpmg.com,molishamehra@kpmg.com; kavithaakula@kpmg.com; smitinabh@kpmg.com; rparimi@Kpmg.Com; rkarnam@metaforgeit.com; offshorejobs@metaforgeit.com; harini.s@metaforgeit.com; viswanadh.r@metaforgeit.com; pavani.J@metaforgeit.com,RE: MetaForge POC | KPMG,Open,N/A,Single,Medium,1,Not Provided,Not Provided,Not Provided,Not Provided,40,Not Provided,Not Provided,Not Provided,Not Provided,Not Provided,Not Provided
REQ-2026-03-27-012,2026-03-27,saikiran.a@metaforgeit.com,KPMG,CLIENT-2026-03-27-012,rparimi@Kpmg.Com,rparimi@Kpmg.Com; kavithaakula@kpmg.com; smitinabh@kpmg.com; rkarnam@metaforgeit.com; offshorejobs@metaforgeit.com; harini.s@metaforgeit.com; viswanadh.r@metaforgeit.com; pavani.J@metaforgeit.com,RE: MetaForge POC | KPMG,Open,N/A,Single,Medium,1,Not Provided,Not Provided,Not Provided,Not Provided,40,Not Provided,Not Provided,Not Provided,Not Provided,Not Provided,Not Provided
REQ-2026-03-27-013,2026-03-27,saikiran.a@metaforgeit.com;molishamehra@kpmg.com,KPMG,CLIENT-2026-03-27-013,sauravmajumder@kpmg.com,sauravmajumder@kpmg.com; kavithaakula@kpmg.com; smitinabh@kpmg.com; rparimi@Kpmg.Com; rkarnam@metaforgeit.com; offshorejobs@metaforgeit.com; harini.s@metaforgeit.com; viswanadh.r@metaforgeit.com; pavani.J@metaforgeit.com,RE: MetaForge POC | KPMG,Open,N/A,Single,Medium,1,Not Provided,Not Provided,Not Provided,Not Provided,Not Provided,Not Provided,Not Provided,Not Provided,Not Provided,Not Provided,Not Provided
REQ-2026-03-27-014,2026-03-27,offshorejobs@metaforgeit.com,Metaforge,CLIENT-2026-03-27-014,harini.s@metaforgeit.com,harini.s@metaforgeit.com; kavithaakula@kpmg.com; smitinabh@kpmg.com,Fw: Senior BA Manager - FTS,Open,N/A,Single,Medium,1,Senior,Not Provided,Not Provided,Not Provided,Not Provided,Not Provided,Not Provided,10-15 years,Not Provided,Not Provided,Not Provided
REQ-2026-03-27-015,2026-03-27,Not Provided,ITC,CLIENT-2026-03-27-015,Vivekananda.KV@itcinfotech.com,Vivekananda.KV@itcinfotech.com,Critical Requirement OTP - Java Developer+MuleSoft - Immediate joiner,Open,N/A,Single,High,1,Not Provided,Contract,Not Provided,Not Provided,Not Provided,Not Provided,Not Provided,Not Provided,Not Provided,Not Provided,Not Provided
REQ-2026-03-27-016,2026-03-27,helpdesk@esquareinfo.com,fireflies.ai,CLIENT-2026-03-27-016,fred@fireflies.ai,fred@fireflies.ai,Your meeting recap - Face to Face Drive : 28th March : Bangalore,Open,N/A,Single,Medium,1,Not Provided,Not Provided,Not Provided,Not Provided,Not Provided,Not Provided,Not Provided,Not Provided,Not Provided,Not Provided,Not Provided
REQ-2026-03-27-017,2026-03-27,offshorejobs@metaforgeit.com,otter.ai,CLIENT-2026-03-27-017,no-reply@otter.ai,no-reply@otter.ai,Meeting Summary for Face to Face Drive : 28th March : Bangalore,Open,N/A,Single,Medium,1,Not Provided,Not Provided,Not Provided,Not Provided,Not Provided,Not Provided,Not Provided,Not Provided,Not Provided,Not Provided,Not Provided
REQ-2026-03-27-018,2026-03-27,offshorejobs@metaforgeit.com,Read AI,CLIENT-2026-03-27-018,executiveassistant@e.read.ai,executiveassistant@e.read.ai,"🗓 Face to Face Drive : 28th March : Bangalore on March 27, 2026 | Read Meeting Report",Open,N/A,Single,Medium,1,Not Provided,Not Provided,Not Provided,Not Provided,Not Provided,Not Provided,Not Provided,Not Provided,s for processing,Not Provided,Not Provided
REQ-2026-03-27-019,2026-03-27,offshorejobs@metaforgeit.com,otter.ai,CLIENT-2026-03-27-019,no-reply@otter.ai,no-reply@otter.ai,Prakash Prabhakar shared Face to Face Drive : 28th March : Bangalore in Otter,Open,N/A,Single,Medium,1,Not Provided,Not Provided,Not Provided,Not Provided,Not Provided,Not Provided,Not Provided,Not Provided,Not Provided,Not Provided,Not Provided
REQ-2026-03-27-020,2026-03-27,sauravmajumder@kpmg.com;molishamehra@kpmg.com,Metaforge,CLIENT-2026-03-27-020,saikiran.a@metaforgeit.com,saikiran.a@metaforgeit.com,MetaForge POC | KPMG,Open,N/A,Single,Medium,1,Not Provided,Not Provided,Not Provided,Not Provided,Not Provided,Not Provided,Not Provided,Not Provided,Not Provided,Not Provided,Not Provided
REQ-2026-03-27-021,2026-03-27,offshorejobs@metaforgeit.com,Metaforge,CLIENT-2026-03-27-021,saikiran.a@metaforgeit.com,saikiran.a@metaforgeit.com; kavithaakula@kpmg.com; rparimi@Kpmg.Com,Fw: Subcon- C2H Data Scientist,Open,N/A,Single,High,1,Senior,Contract,Not Provided,Not Provided,Not Provided,Hybrid,Bangalore,10 years,Not Provided,Not Provided,Not Provided
REQ-2026-03-27-022,2026-03-27,offshorejobs@metaforgeit.com,Metaforge,CLIENT-2026-03-27-022,rkarnam@metaforgeit.com,rkarnam@metaforgeit.com; kavithaakula@kpmg.com; rparimi@Kpmg.Com,Fw: Subcon- C2H Data Scientist,Open,N/A,Single,High,1,Senior,Contract,Not Provided,Not Provided,40,Hybrid,Bangalore,10 years,Not Provided,Not Provided,Not Provided
REQ-2026-03-27-023,2026-03-27,offshorejobs@metaforgeit.com,Metaforge,CLIENT-2026-03-27-023,saikiran.a@metaforgeit.com,saikiran.a@metaforgeit.com; kavithaakula@kpmg.com; rparimi@Kpmg.Com,"Fw: Sub-con | Power BI, Azure Data Engineers, Snowflake, AI Engineer",Open,N/A,Single,High,1,Mid,Not Provided,Not Provided,Not Provided,01,Not Provided,Not Provided,3-6 years,Not Provided,Not Provided,"Solid programming skills in Python or Scala for developing data pipelines. Knowledge of SQL and experience with relational databases and data warehousing concepts. Familiarity with cloud platforms - Azure, particularly in relation to data storage and processing. Develop and implement scalable data processing solutions using Azure Databricks, including ETL processes that efficiently handle large data volumes."
REQ-2026-03-27-024,2026-03-27,Kiran.N_ext@Ltts.com,LTTS,CLIENT-2026-03-27-024,Trayeetanu.Ganguly@Ltts.com,Trayeetanu.Ganguly@Ltts.com,3-5 Yrs,Open,N/A,Single,Medium,1,Mid,Full Time,INR,Not Provided,1,Not Provided,3+,3-5 years,Not Provided,Not Provided,3-5 Yrs
REQ-2026-03-27-025,2026-03-27,Kiran.N_ext@Ltts.com,LTTS,CLIENT-2026-03-27-025,Trayeetanu.Ganguly@Ltts.com,Trayeetanu.Ganguly@Ltts.com,5-8 Yrs,Open,N/A,Single,Medium,1,Mid,Full Time,INR,Not Provided,1,Not Provided,Not Provided,5-8 years,Not Provided,Not Provided,5-8 Yrs
REQ-2026-03-27-026,2026-03-27,Kiran.N_ext@Ltts.com,LTTS,CLIENT-2026-03-27-026,Trayeetanu.Ganguly@Ltts.com,Trayeetanu.Ganguly@Ltts.com,"TPC- Aero-- C++, ADA95 -Bangalore",Open,N/A,Single,Medium,1,Mid,Not Provided,INR,Not Provided,Not Provided,Not Provided,Bangalore,5-8 years,Not Provided,Not Provided,C++ ADA95
REQ-2026-03-26-001,2026-03-26,recruitment.application@metaforgeit.com,communication.microsoft.com,CLIENT-2026-03-26-001,Microsoft365@communication.microsoft.com,Microsoft365@communication.microsoft.com,There’s more to explore in Microsoft 365,Open,N/A,Single,Medium,1,Not Provided,Not Provided,Not Provided,Not Provided,Not Provided,Not Provided,Not Provided,Not Provided,Not Provided,Not Provided,Not Provided
REQ-2026-03-26-002,2026-03-26,offshorejobs@metaforgeit.com,Metaforge,CLIENT-2026-03-26-002,harini.s@metaforgeit.com,harini.s@metaforgeit.com; kavithaakula@kpmg.com,Fw: Integration Analyst III (Sub-Con Only),Open,N/A,Single,Medium,1,Mid,Contract,Not Provided,Not Provided,Not Provided,Hybrid,Not Provided,5-7 years,Not Provided,Not Provided,Not Provided
REQ-2026-03-26-003,2026-03-26,offshorejobs@metaforgeit.com,jessytechsolutions.com,CLIENT-2026-03-26-003,pradeep.d@jessytechsolutions.com,pradeep.d@jessytechsolutions.com,Deployable Anaplan Resources,Open,N/A,Single,Medium,1,Not Provided,Not Provided,Not Provided,Not Provided,Not Provided,Not Provided,Not Provided,Not Provided,Not Provided,Not Provided,Not Provided
REQ-2026-03-26-004,2026-03-26,Shilpa.Shreelaja@itcinfotech.com,Metaforge,CLIENT-2026-03-26-004,rahima.s@metaforgeit.com,rahima.s@metaforgeit.com,RE: Profiles for - Urgent and critical requirement- SAP SD,Open,N/A,Single,High,1,Senior,Not Provided,Not Provided,23 LPA,Not Provided,Not Provided,Not Provided,8 years,CCTC,Not Provided,Not Provided
REQ-2026-03-26-005,2026-03-26,Shilpa.Shreelaja@itcinfotech.com,Metaforge,CLIENT-2026-03-26-005,rahima.s@metaforgeit.com,rahima.s@metaforgeit.com,RE: Profiles for - Urgent and critical requirement- SAP ABAP Consultant,Open,N/A,Single,High,1,Mid,Not Provided,INR,15.13 LPA,Not Provided,Not Provided,2,6 years,Current Location,Not Provided,Not Provided
REQ-2026-03-26-006,2026-03-26,rahima.s@metaforgeit.com,ITC,CLIENT-2026-03-26-006,Thirumal.Govindan@itcinfotech.com,Thirumal.Govindan@itcinfotech.com; offshorejobs@metaforgeit.com; Rajeshwari.Negi@itcinfotech.com,RE: SAP BW/BI/ IP- F2F walk-in drive on 28th March - Bangalore location,Open,N/A,Single,Medium,1,Not Provided,Not Provided,Not Provided,Not Provided,57,Not Provided,Not Provided,Not Provided,Not Provided,Not Provided,Not Provided
REQ-2026-03-26-007,2026-03-26,Prabha.Chavda_ext@Ltts.com;Vinayakumarp.Patil_ext@Ltts.com,LTTS,CLIENT-2026-03-26-007,Trayeetanu.Ganguly@Ltts.com,Trayeetanu.Ganguly@Ltts.com,"TPC - Requirement - SP3D Civil and Structural Designer/ 3D Modeler , Chennai - Face to face is must",Open,N/A,Multiple,Medium,2,Senior,Not Provided,INR,Not Provided,Not Provided,Not Provided,Not Provided,7+ years,Not Provided,Not Provided,ITI Diploma degree in Civil Mechanical Engineering.
REQ-2026-03-26-008,2026-03-26,Prabha.Chavda_ext@Ltts.com,LTTS,CLIENT-2026-03-26-008,Trayeetanu.Ganguly@Ltts.com,Trayeetanu.Ganguly@Ltts.com,"TPC - Requirement - Civil & Structural Engineer , Chennai",Open,N/A,Multiple,Medium,2,Senior,Not Provided,INR,Not Provided,Not Provided,Not Provided,Not Provided,7+ years,Not Provided,Not Provided,Should have Very good exposure in O&G and Chemical projects.
REQ-2026-03-26-009,2026-03-26,Vinayakumarp.Patil_ext@Ltts.com,LTTS,CLIENT-2026-03-26-009,Trayeetanu.Ganguly@Ltts.com,Trayeetanu.Ganguly@Ltts.com,"RE: Super Urgent - TPC - Requirement - Hardware Design Engineer , Bangalore",Open,N/A,Multiple,High,2,Senior,Not Provided,INR,Not Provided,Not Provided,Not Provided,Not Provided,10 years,Not Provided,Not Provided,Not Provided
REQ-2026-03-26-010,2026-03-26,offshorejobs@metaforgeit.com,Metaforge,CLIENT-2026-03-26-010,harini.s@metaforgeit.com,harini.s@metaforgeit.com; kavithaakula@kpmg.com,Fw: DATA Analyst - Pune (Sub-Con only),Open,N/A,Single,Medium,1,Not Provided,Not Provided,Not Provided,Not Provided,Not Provided,Not Provided,Not Provided,Not Provided,Not Provided,Not Provided,PO migration Data migration and S2P.
REQ-2026-03-26-011,2026-03-26,offshorejobs@metaforgeit.com,Metaforge,CLIENT-2026-03-26-011,harini.s@metaforgeit.com,harini.s@metaforgeit.com,Fw: PM requirement - FTS,Open,N/A,Single,Medium,1,Not Provided,Not Provided,Not Provided,Not Provided,Not Provided,Not Provided,Not Provided,Not Provided,Not Provided,Not Provided,Not Provided
REQ-2026-03-26-012,2026-03-26,offshorejobs@metaforgeit.com,Read AI,CLIENT-2026-03-26-012,executiveassistant@e.read.ai,executiveassistant@e.read.ai,"🗓 Face to Face Drive : 28th March : Bangalore on March 26, 2026 | Read Meeting Report",Open,N/A,Single,High,1,Senior,Not Provided,Not Provided,Not Provided,Not Provided,On-site,Not Provided,10+ years,Not Provided,Not Provided,Not Provided
REQ-2026-03-26-013,2026-03-26,helpdesk@esquareinfo.com,fireflies.ai,CLIENT-2026-03-26-013,fred@fireflies.ai,fred@fireflies.ai,Your meeting recap - Face to Face Drive : 28th March : Bangalore,Open,N/A,Single,High,1,Senior,Not Provided,Not Provided,Not Provided,30,Not Provided,Not Provided,10-14 years,Not Provided,Not Provided,Not Provided
REQ-2026-03-26-014,2026-03-26,sauravmajumder@kpmg.com,Metaforge,CLIENT-2026-03-26-014,harini.s@metaforgeit.com,harini.s@metaforgeit.com,Re: Project Delivery Manager - (Sub-Con) Only,Open,N/A,Single,Medium,1,Not Provided,Not Provided,Not Provided,Not Provided,Not Provided,Not Provided,Not Provided,Not Provided,Not Provided,Not Provided,Not Provided
REQ-2026-03-26-015,2026-03-26,offshorejobs@metaforgeit.com,Metaforge,CLIENT-2026-03-26-015,harini.s@metaforgeit.com,harini.s@metaforgeit.com,Fw: Senior BA Manager - FTS,Open,N/A,Single,Medium,1,Not Provided,Not Provided,Not Provided,Not Provided,Not Provided,Not Provided,Not Provided,Not Provided,Not Provided,Not Provided,Not Provided
REQ-2026-03-26-016,2026-03-26,offshorejobs@metaforgeit.com,Metaforge,CLIENT-2026-03-26-016,harini.s@metaforgeit.com,harini.s@metaforgeit.com,Fw: AM Analyst Requirements,Open,N/A,Single,Medium,1,Not Provided,Not Provided,Not Provided,Not Provided,Not Provided,Not Provided,Not Provided,Not Provided,Not Provided,Not Provided,Not Provided
REQ-2026-03-26-017,2026-03-26,offshorejobs@metaforgeit.com,Metaforge,CLIENT-2026-03-26-017,harini.s@metaforgeit.com,harini.s@metaforgeit.com,Fw: Sailpoint IDN requirement along with MFA experience,Open,N/A,Single,Medium,1,Not Provided,Not Provided,Not Provided,Not Provided,Not Provided,Not Provided,Not Provided,Not Provided,Not Provided,Not Provided,Not Provided
REQ-2026-03-26-018,2026-03-26,Rajeshwari.Negi@itcinfotech.com,Metaforge,CLIENT-2026-03-26-018,rahima.s@metaforgeit.com,rahima.s@metaforgeit.com,RE: Urgent Sourcing : GO Project-Profile for SAP MM/Immediate joiners,Open,N/A,Single,High,1,Senior,Not Provided,INR,26 LPA,Not Provided,Not Provided,Not Provided,16 years,Current Location,Not Provided,Not Provided
REQ-2026-03-26-019,2026-03-26,Vinayakumarp.Patil_ext@Ltts.com,Metaforge,CLIENT-2026-03-26-019,lakshmi.v@metaforgeit.com,lakshmi.v@metaforgeit.com,"RE: Super Urgent - TPC - Requirement - Hardware Design Engineer , Bangalore",Open,N/A,Single,High,1,Mid,Full Time,INR,Not Provided,Not Provided,Not Provided,Not Provided,6.0 years,Not Provided,Not Provided,Not Provided
REQ-2026-03-26-020,2026-03-26,Thirumal.Govindan@itcinfotech.com,Metaforge,CLIENT-2026-03-26-020,rahima.s@metaforgeit.com,rahima.s@metaforgeit.com,RE: SAP BW/BI/ IP- F2F walk-in drive on 28th March - Bangalore location,Open,N/A,Single,Medium,1,Not Provided,Not Provided,Not Provided,Not Provided,Not Provided,Not Provided,Not Provided,Not Provided,Not Provided,Not Provided,Not Provided
REQ-2026-03-26-021,2026-03-26,Pranati.Paul_ext@Ltts.com,Metaforge,CLIENT-2026-03-26-021,charlie@metaforgeit.com,charlie@metaforgeit.com,Re: Offshore Buyer – MRO & Spare Parts (Maximo Operations) for Chennai-TPC,Open,N/A,Single,High,1,Mid,Contract,Not Provided,Not Provided,3,Not Provided,Not Provided,5.6 years,Not Provided,Not Provided,Not Provided
REQ-2026-03-26-022,2026-03-26,Pranati.Paul_ext@Ltts.com,Metaforge,CLIENT-2026-03-26-022,charlie@metaforgeit.com,charlie@metaforgeit.com,Re: Offshore Buyer – MRO & Spare Parts (Maximo Operations) for Chennai-TPC,Open,N/A,Single,High,1,Mid,Contract,Not Provided,Not Provided,3,Not Provided,Not Provided,5.6 years,Not Provided,Not Provided,Not Provided
REQ-2026-03-26-023,2026-03-26,Preetha.M@itcinfotech.com,Metaforge,CLIENT-2026-03-26-023,rahima.s@metaforgeit.com,rahima.s@metaforgeit.com,RE: Profile for Salesforce Marketing Cloud PCIIL_0000244682_1/Immediate Joiners URGENT Salesforce Requirements from ITC Infotech,Open,N/A,Single,High,1,Mid,Not Provided,INR,8.5 LPA,Not Provided,Not Provided,Not Provided,5.5 years,CCTC,Not Provided,Not Provided
REQ-2026-03-26-024,2026-03-26,Preetha.M@itcinfotech.com,Metaforge,CLIENT-2026-03-26-024,rahima.s@metaforgeit.com,rahima.s@metaforgeit.com,RE: Profile for Salesforce Admin-PCIIL_0000246800_1/Immediate Joiners URGENT Salesforce Requirements from ITC Infotech,Open,N/A,Single,High,1,Senior,Not Provided,Not Provided,Not Provided,Not Provided,Not Provided,Not Provided,9 years,CCTC,Not Provided,Not Provided
REQ-2026-03-26-025,2026-03-26,rkarnam@metaforgeit.com;offshorejobs@metaforgeit.com,Metaforge,CLIENT-2026-03-26-025,saikiran.a@metaforgeit.com,saikiran.a@metaforgeit.com,Re: Requirement - Banking Client - BA & PMO roles,Open,N/A,Single,Medium,1,Not Provided,Not Provided,Not Provided,Not Provided,Not Provided,Not Provided,Not Provided,Not Provided,Not Provided,Not Provided,Not Provided
REQ-2026-03-26-026,2026-03-26,recruitment.application@metaforgeit.com,Metaforge,CLIENT-2026-03-26-026,recruitment.application@metaforgeit.com,recruitment.application@metaforgeit.com,[Test] MetaForge Recruiter — SMTP works,Open,N/A,Single,Medium,1,Not Provided,Not Provided,Not Provided,Not Provided,Not Provided,Not Provided,Not Provided,Not Provided,Not Provided,Not Provided,Not Provided
